episode,global_step,ep_return,success,guided_pct,queries_per_ep,agreement_rate,oracle_correct_rate,oracle_cost,cum_queries,first_unguided_success
1,384,-0.5,0.0,16.67,1,0.0,0.0,0.000384,45,
2,640,-1.9,0.0,10.0,1,0.0,0.0,0.00064,68,
3,768,-2.1004,0.0,16.67,2,0.0,0.5,0.000768,78,
4,768,-2.1007,0.0,25.0,3,0.0,0.6667,0.000768,78,
5,896,-2.3,0.0,7.14,1,0.0,0.0,0.000896,93,
6,896,-2.3001,0.0,14.29,2,0.0,0.5,0.000896,93,
7,960,-2.4,0.0,6.67,1,0.0,0.0,0.00096,99,
8,960,-2.4008,0.0,26.67,4,0.0,0.75,0.00096,99,
9,960,10.499,1.0,6.67,1,0.0,1.0,0.00096,99,
10,1152,-2.7,0.0,5.56,1,0.0,0.0,0.001152,125,
11,1152,-2.7001,0.0,11.11,2,0.0,0.5,0.001152,125,
12,1152,10.1974,1.0,22.22,4,0.25,1.0,0.001152,125,
13,1280,-2.9032,0.0,25.0,5,0.2,0.8,0.00128,135,
14,1344,-3.0002,0.0,9.52,2,0.5,0.5,0.001344,140,
15,1408,-3.1004,0.0,9.09,2,0.0,0.5,0.001408,147,
16,1536,-3.3,0.0,4.17,1,0.0,0.0,0.001536,161,
17,1536,-2.0012,0.0,16.67,2,0.0,0.5,0.001536,161,
18,1664,-3.5024,0.0,11.54,3,0.3333,0.6667,0.001664,168,
19,1664,-1.6015,0.0,25.0,2,0.0,0.5,0.001664,168,
20,1728,-3.6003,0.0,7.41,2,0.0,0.5,0.001728,177,
21,1728,-2.6001,0.0,7.41,2,0.0,0.5,0.001728,177,
22,1856,-2.8026,0.0,13.79,4,0.0,0.75,0.001856,193,
23,1856,-3.8006,0.0,6.9,2,0.0,0.5,0.001856,193,
24,1984,-4.0007,0.0,9.68,3,0.0,0.6667,0.001984,208,
25,2048,8.7932,1.0,15.62,5,0.0,1.0,0.002048,210,
26,2112,8.6981,1.0,6.06,2,0.0,1.0,0.002112,214,
27,2112,-4.2011,0.0,6.06,2,0.0,0.5,0.002112,214,
28,2240,-2.2015,0.0,14.29,2,0.0,0.5,0.00224,229,
29,2240,8.4975,1.0,5.71,2,0.0,1.0,0.00224,229,
30,2304,-1.9,0.0,4.76,1,0.0,0.0,0.002304,233,
31,2304,-3.5037,0.0,16.67,6,0.0,0.8333,0.002304,233,
32,2368,-1.9,0.0,9.09,1,0.0,0.0,0.002368,239,
33,2432,-4.7003,0.0,5.26,2,0.0,0.5,0.002432,246,
34,2560,-3.901,0.0,5.0,2,0.5,0.5,0.00256,262,
35,2752,-1.5026,0.0,28.57,2,0.0,0.5,0.002752,285,
36,2816,-5.3024,0.0,9.09,4,0.0,0.75,0.002816,291,
37,2880,-4.7068,0.0,12.82,5,0.0,0.8,0.00288,298,
38,2944,-4.504,0.0,8.7,4,0.0,0.75,0.002944,302,
39,3008,-4.6022,0.0,6.38,3,0.3333,0.6667,0.003008,306,
40,3200,-5.0014,0.0,6.0,3,0.3333,1.0,0.0032,332,
41,3200,-5.0069,0.0,6.0,3,0.0,1.0,0.0032,332,
42,3200,-4.0139,0.0,16.0,8,0.0,1.0,0.0032,332,
43,3200,-5.0063,0.0,10.0,5,0.8,1.0,0.0032,332,
44,3200,-4.0156,0.0,16.0,8,0.25,1.0,0.0032,332,
45,3200,-5.0083,0.0,10.0,5,0.4,1.0,0.0032,332,
46,3200,-5.0047,0.0,6.0,3,0.0,1.0,0.0032,332,
47,3200,-5.009,0.0,14.0,7,0.2857,1.0,0.0032,332,
48,3200,-4.0119,0.0,12.0,6,0.1667,1.0,0.0032,332,
49,3200,-5.0079,0.0,12.0,6,0.0,1.0,0.0032,332,
50,3200,-5.0055,0.0,8.0,4,0.5,1.0,0.0032,332,
51,3200,-5.0036,0.0,4.0,2,0.5,1.0,0.0032,332,
52,3200,-5.0045,0.0,6.0,3,0.0,1.0,0.0032,332,
53,3200,-4.0081,0.0,8.0,4,0.0,1.0,0.0032,332,
54,3200,-4.006,0.0,10.0,5,0.4,1.0,0.0032,332,
55,3200,-5.007,0.0,10.0,5,0.0,1.0,0.0032,332,
56,3200,-4.0096,0.0,12.0,6,0.0,1.0,0.0032,332,
57,3200,-5.013,0.0,14.0,7,0.8571,1.0,0.0032,332,
58,3200,-5.0072,0.0,10.0,5,0.2,1.0,0.0032,332,
59,3200,-5.0051,0.0,6.0,3,0.0,1.0,0.0032,332,
60,3200,-5.001,0.0,6.0,3,0.0,1.0,0.0032,332,
61,3200,-4.0082,0.0,10.0,5,0.8,1.0,0.0032,332,
62,3200,-4.0074,0.0,10.0,5,0.4,1.0,0.0032,332,
63,3200,-4.0049,0.0,10.0,5,0.0,1.0,0.0032,332,
64,3200,-5.014,0.0,18.0,9,0.3333,1.0,0.0032,332,
65,3200,-4.011,0.0,12.0,6,0.1667,1.0,0.0032,332,
66,3200,-5.006,0.0,6.0,3,0.0,1.0,0.0032,332,
67,3200,-4.0128,0.0,16.0,8,0.125,1.0,0.0032,332,
68,3200,-4.0115,0.0,14.0,7,0.2857,1.0,0.0032,332,
69,3200,-5.0059,0.0,8.0,4,0.0,1.0,0.0032,332,
70,3200,-5.0078,0.0,10.0,5,0.0,1.0,0.0032,332,
71,3200,-5.0079,0.0,10.0,5,0.2,1.0,0.0032,332,
72,3328,8.3838,1.0,18.92,7,0.4286,1.0,0.003328,340,
73,3328,-2.3075,0.0,16.0,4,0.0,0.75,0.003328,340,
74,3776,-1.9027,0.0,9.52,2,0.0,0.5,0.003776,390,
75,3840,-5.0028,0.0,7.14,3,0.0,0.6667,0.00384,396,
76,3840,-3.5073,0.0,14.81,4,0.5,0.75,0.00384,396,
77,3904,-5.0129,0.0,7.84,4,0.75,1.0,0.003904,405,
78,4032,-2.1,0.0,7.69,1,0.0,0.0,0.004032,417,
79,4032,-5.0168,0.0,13.73,7,0.2857,1.0,0.004032,417,
80,4096,8.59,1.0,8.57,3,0.0,1.0,0.004096,425,
81,4096,-3.7068,0.0,10.34,3,0.3333,0.6667,0.004096,425,
82,4096,-2.2108,0.0,28.57,4,0.0,0.75,0.004096,425,
83,4160,-4.0051,0.0,5.88,3,0.3333,1.0,0.00416,428,
84,4160,-4.0281,0.0,19.61,10,0.1,1.0,0.00416,428,
85,4224,11.5,1.0,0.0,0,,,0.004224,435,85
86,4224,-4.0111,0.0,7.84,4,0.0,1.0,0.004224,435,
87,4288,-5.5033,0.0,6.38,3,0.0,0.6667,0.004288,444,
88,4352,-2.6039,0.0,11.11,2,0.0,0.5,0.004352,454,
89,4416,8.0896,1.0,7.5,3,0.0,1.0,0.004416,464,
90,4416,-5.0139,0.0,9.8,5,0.4,1.0,0.004416,464,
91,4416,10.1957,1.0,5.26,1,0.0,1.0,0.004416,464,
92,4416,-2.7,0.0,5.26,1,0.0,0.0,0.004416,464,
93,4544,-4.8036,0.0,5.0,2,0.5,0.5,0.004544,474,
94,4608,10.9911,1.0,18.18,2,0.0,1.0,0.004608,479,
95,4672,-3.8142,0.0,16.67,5,0.2,0.8,0.004672,489,
96,4672,-5.4065,0.0,6.52,3,0.3333,0.6667,0.004672,489,
97,4672,-3.1075,0.0,13.04,3,0.0,0.6667,0.004672,489,
98,4672,-3.1109,0.0,17.39,4,0.5,0.75,0.004672,489,
99,4672,-3.1113,0.0,17.39,4,0.25,0.75,0.004672,489,
100,4672,-4.0202,0.0,11.76,6,0.3333,1.0,0.004672,489,
101,4800,-5.0335,0.0,19.61,10,0.0,1.0,0.0048,502,
102,4800,-5.0086,0.0,5.88,3,0.6667,1.0,0.0048,502,
103,4928,-3.5072,0.0,11.11,3,0.0,0.6667,0.004928,514,
104,4928,-5.0286,0.0,15.69,8,0.375,1.0,0.004928,514,
105,4928,-3.5148,0.0,18.52,5,0.0,0.8,0.004928,514,
106,4992,11.595,1.0,20.0,1,0.0,1.0,0.004992,522,
107,5056,11.095,1.0,10.0,1,0.0,1.0,0.005056,529,
108,5184,-3.904,0.0,6.45,2,0.5,0.5,0.005184,543,
109,5312,-5.0052,0.0,3.92,2,0.0,1.0,0.005312,558,
110,5312,-3.1,0.0,3.03,1,0.0,0.0,0.005312,558,
111,5376,-5.0282,0.0,15.69,8,0.0,1.0,0.005376,563,
112,5504,8.4761,1.0,13.89,5,0.0,1.0,0.005504,576,
113,5504,6.9783,1.0,9.8,5,0.2,1.0,0.005504,576,
114,5568,-5.0169,0.0,7.84,4,0.25,1.0,0.005568,583,
115,5568,8.0515,1.0,27.5,11,0.2727,1.0,0.005568,583,
116,5632,-4.0236,0.0,11.76,6,0.1667,1.0,0.005632,589,
117,5696,-4.7,0.0,2.56,1,0.0,0.0,0.005696,593,
118,5824,9.7942,1.0,4.35,1,0.0,1.0,0.005824,603,
119,5824,-3.519,0.0,18.52,5,0.0,0.8,0.005824,603,
120,5824,-4.0212,0.0,11.76,6,0.1667,1.0,0.005824,603,
121,5888,-1.521,0.0,29.41,5,0.4,0.8,0.005888,607,
122,5952,-4.1092,0.0,6.98,3,0.0,0.6667,0.005952,610,
123,6016,-4.212,0.0,9.09,4,0.5,0.75,0.006016,618,
124,6016,7.6666,1.0,15.91,7,0.2857,1.0,0.006016,618,
125,6080,-4.0159,0.0,7.84,4,0.0,1.0,0.00608,624,
126,6144,-4.0173,0.0,7.84,4,0.75,1.0,0.006144,632,
127,6208,-5.022,0.0,7.84,4,0.25,1.0,0.006208,636,
128,6400,-5.8181,0.0,10.0,5,0.0,0.8,0.0064,656,
129,6464,-5.0456,0.0,17.65,9,0.4444,1.0,0.006464,664,
130,6464,-5.0262,0.0,9.8,5,0.8,1.0,0.006464,664,
131,6464,-5.0262,0.0,11.76,6,0.3333,1.0,0.006464,664,
132,6464,-5.0186,0.0,7.84,4,0.0,1.0,0.006464,664,
133,6464,-4.0143,0.0,5.88,3,0.0,1.0,0.006464,664,
134,6464,-5.0136,0.0,5.88,3,0.3333,1.0,0.006464,664,
135,6464,-5.0045,0.0,1.96,1,0.0,1.0,0.006464,664,
136,6464,-4.0122,0.0,5.88,3,0.6667,1.0,0.006464,664,
137,6464,-5.9232,0.0,11.76,6,0.1667,0.8333,0.006464,664,
138,6464,-5.0264,0.0,9.8,5,0.0,1.0,0.006464,664,
139,6464,-5.0163,0.0,5.88,3,0.0,1.0,0.006464,664,
140,6464,-4.0083,0.0,3.92,2,0.5,1.0,0.006464,664,
141,6464,-5.0099,0.0,3.92,2,0.5,1.0,0.006464,664,
142,6464,-5.0185,0.0,7.84,4,0.25,1.0,0.006464,664,
143,6528,9.1825,1.0,10.34,3,0.0,1.0,0.006528,667,
144,6592,-4.0414,0.0,17.65,9,0.2222,1.0,0.006592,671,
145,6592,-4.0461,0.0,19.61,10,0.6,1.0,0.006592,671,
146,6848,-4.6108,0.0,7.89,3,0.0,0.6667,0.006848,695,
147,6848,-5.1095,0.0,6.98,3,0.0,0.6667,0.006848,695,
148,6912,-4.3093,0.0,6.67,3,0.3333,0.6667,0.006912,706,
149,6976,-2.5188,0.0,23.53,4,0.25,0.75,0.006976,713,
150,6976,-3.1,0.0,4.35,1,0.0,0.0,0.006976,713,
151,7040,-4.0274,0.0,9.8,5,0.0,1.0,0.00704,722,
152,7040,-4.3176,0.0,11.43,4,0.5,0.75,0.00704,722,
153,7040,11.386,1.0,28.57,2,0.0,1.0,0.00704,722,
154,7104,-5.0337,0.0,11.76,6,0.0,1.0,0.007104,729,
155,7168,-5.426,0.0,13.04,6,0.5,0.8333,0.007168,736,
156,7232,-5.6143,0.0,8.33,4,0.0,0.75,0.007232,741,
157,7296,-4.0438,0.0,13.73,7,0.1429,1.0,0.007296,745,
158,7360,-5.0152,0.0,5.88,3,0.6667,1.0,0.00736,751,
159,7360,-2.2136,0.0,21.43,3,0.0,0.6667,0.00736,751,
160,7424,-5.0505,0.0,17.65,9,0.5556,1.0,0.007424,758,
161,7488,-2.4067,0.0,12.5,2,0.0,0.5,0.007488,765,
162,7488,-4.0223,0.0,7.84,4,0.0,1.0,0.007488,765,
163,7552,-5.049,0.0,15.69,8,0.25,1.0,0.007552,769,
164,7680,-2.5063,0.0,7.41,2,0.0,0.5,0.00768,781,
165,7680,-1.8,0.0,10.0,1,0.0,0.0,0.00768,781,
166,7680,-4.0239,0.0,7.84,4,0.0,1.0,0.00768,781,
167,7680,-4.0356,0.0,11.76,6,0.0,1.0,0.00768,781,
168,7808,-5.0191,0.0,5.88,3,0.6667,1.0,0.007808,791,
169,7872,-5.0078,0.0,1.96,1,0.0,1.0,0.007872,797,
170,7936,-4.0193,0.0,5.88,3,0.0,1.0,0.007936,800,
171,7936,-5.0301,0.0,9.8,5,0.0,1.0,0.007936,800,
172,7936,-5.046,0.0,13.73,7,0.0,1.0,0.007936,800,
173,7936,-4.0372,0.0,11.76,6,0.0,1.0,0.007936,800,
174,7936,9.9708,1.0,19.05,4,0.0,1.0,0.007936,800,
175,8000,-3.2,0.0,4.17,1,0.0,0.0,0.008,807,
176,8064,10.992,1.0,9.09,1,0.0,1.0,0.008064,817,
177,8128,-3.4367,0.0,23.08,6,0.5,0.8333,0.008128,824,
178,8192,-5.0126,0.0,3.92,2,1.0,1.0,0.008192,834,
179,8192,-4.0422,0.0,11.76,6,0.0,1.0,0.008192,834,
180,8192,-5.9206,0.0,7.84,4,0.25,0.75,0.008192,834,
181,8256,7.0615,1.0,12.0,6,0.0,1.0,0.008256,837,
182,8256,-5.0474,0.0,13.73,7,0.7143,1.0,0.008256,837,
183,8448,-4.0264,0.0,7.84,4,0.0,1.0,0.008448,852,
184,8448,-2.9069,0.0,6.45,2,0.0,0.5,0.008448,852,
185,8512,-1.4079,0.0,12.5,2,0.0,0.5,0.008512,859,
186,8512,-2.6081,0.0,11.11,2,0.0,0.5,0.008512,859,
187,8512,-0.7081,0.0,22.22,2,0.0,0.5,0.008512,859,
188,8576,-4.0318,0.0,7.84,4,0.0,1.0,0.008576,863,
189,8576,-5.0351,0.0,9.8,5,0.6,1.0,0.008576,863,
190,8640,-5.0285,0.0,7.84,4,0.0,1.0,0.00864,867,
191,8704,-3.307,0.0,5.71,2,0.0,0.5,0.008704,876,
192,8768,-5.042,0.0,11.76,6,0.0,1.0,0.008768,879,
193,8832,-5.042,0.0,11.76,6,0.3333,1.0,0.008832,886,
194,8832,-5.0267,0.0,7.84,4,0.25,1.0,0.008832,886,
195,8896,-2.7,0.0,5.26,1,0.0,0.0,0.008896,897,
196,8896,-5.0438,0.0,11.76,6,0.6667,1.0,0.008896,897,
197,8896,-3.8302,0.0,16.67,5,0.4,0.8,0.008896,897,
198,8960,-5.0724,0.0,19.61,10,0.2,1.0,0.00896,903,
199,9088,-4.9081,0.0,4.88,2,0.0,0.5,0.009088,921,
200,9088,-5.0173,0.0,3.92,2,1.0,1.0,0.009088,921,
201,9088,-5.0157,0.0,3.92,2,0.5,1.0,0.009088,921,
202,9088,-4.0368,0.0,9.8,5,0.0,1.0,0.009088,921,
203,9152,-5.7285,0.0,10.2,5,0.0,0.8,0.009152,929,
204,9280,-5.0067,0.0,1.96,1,0.0,1.0,0.00928,944,
205,9344,-5.0251,0.0,5.88,3,0.3333,1.0,0.009344,948,
206,9344,7.5736,1.0,6.67,3,0.0,1.0,0.009344,948,
207,9408,-4.9453,0.0,13.73,7,0.1429,0.8571,0.009408,955,
208,9472,-5.0658,0.0,15.69,8,0.0,1.0,0.009472,961,
209,9472,-1.9088,0.0,9.52,2,0.0,0.5,0.009472,961,
210,9600,11.2809,1.0,25.0,2,0.0,1.0,0.0096,973,
211,9664,-5.0161,0.0,3.92,2,0.0,1.0,0.009664,978,
212,9664,7.019,1.0,20.0,10,0.1,1.0,0.009664,978,
213,9728,-5.0808,0.0,19.61,10,0.4,1.0,0.009728,985,
214,9728,-5.034,0.0,7.84,4,0.0,1.0,0.009728,985,
215,9728,-4.9262,0.0,7.84,4,0.5,0.75,0.009728,985,
216,9728,-5.0264,0.0,5.88,3,0.3333,1.0,0.009728,985,
217,9728,-5.033,0.0,7.84,4,0.5,1.0,0.009728,985,
218,9792,-5.0476,0.0,11.76,6,0.0,1.0,0.009792,989,
219,9856,9.9527,1.0,23.81,5,0.4,1.0,0.009856,991,
220,9920,-1.8458,0.0,30.0,6,0.1667,0.8333,0.00992,998,
221,9984,-2.6095,0.0,11.11,2,0.5,0.5,0.009984,1004,
222,9984,11.7901,1.0,33.33,1,0.0,1.0,0.009984,1004,
223,10048,-2.2191,0.0,21.43,3,0.3333,0.6667,0.010048,1011,
224,10048,-2.2266,0.0,16.67,4,0.0,0.75,0.010048,1011,
225,10112,-4.0827,0.0,19.61,10,0.2,1.0,0.010112,1019,
226,10112,-4.0438,0.0,9.8,5,0.4,1.0,0.010112,1019,
227,10176,-5.0335,0.0,7.84,4,0.25,1.0,0.010176,1022,
228,10176,-2.7191,0.0,15.79,3,0.0,0.6667,0.010176,1022,
229,10240,-5.0525,0.0,11.76,6,0.5,1.0,0.01024,1029,
230,10240,-4.8092,0.0,5.0,2,0.0,0.5,0.01024,1029,
231,10240,10.2798,1.0,11.11,2,0.0,1.0,0.01024,1029,
232,10304,-5.0591,0.0,13.73,7,0.1429,1.0,0.010304,1035,
233,10304,-5.0504,0.0,11.76,6,0.0,1.0,0.010304,1035,
234,10304,-2.1,0.0,7.69,1,0.0,0.0,0.010304,1035,
235,10304,-3.3,0.0,4.0,1,0.0,0.0,0.010304,1035,
236,10368,-5.4166,0.0,6.52,3,0.0,0.6667,0.010368,1042,
237,10368,-1.9098,0.0,18.18,2,0.0,0.5,0.010368,1042,
238,10368,-5.0252,0.0,5.88,3,0.0,1.0,0.010368,1042,
239,10432,-4.2084,0.0,5.88,2,0.0,0.5,0.010432,1046,
240,10432,-4.0259,0.0,5.88,3,0.0,1.0,0.010432,1046,
241,10496,-5.0269,0.0,5.88,3,0.0,1.0,0.010496,1050,
242,10560,-3.4097,0.0,7.69,2,0.0,0.5,0.01056,1058,
243,10560,-4.0623,0.0,13.73,7,0.2857,1.0,0.01056,1058,
244,10624,-0.8,0.0,10.0,1,0.0,0.0,0.010624,1067,
245,10688,-3.7173,0.0,7.69,3,0.0,0.6667,0.010688,1081,
246,10688,9.5788,1.0,8.0,2,0.5,1.0,0.010688,1081,
247,10752,-5.92,0.0,5.88,3,0.0,0.6667,0.010752,1090,
248,10752,-5.2664,0.0,18.18,8,0.25,0.875,0.010752,1090,
249,10816,-3.9185,0.0,7.32,3,0.3333,0.6667,0.010816,1094,
250,10816,-4.0548,0.0,11.76,6,0.3333,1.0,0.010816,1094,
251,10944,-5.0407,0.0,7.84,4,0.0,1.0,0.010944,1107,
252,10944,-4.0686,0.0,13.73,7,0.7143,1.0,0.010944,1107,
253,11008,9.0907,1.0,3.33,1,0.0,1.0,0.011008,1114,
254,11072,-5.0099,0.0,1.96,1,1.0,1.0,0.011072,1121,
255,11072,10.7784,1.0,15.38,2,0.0,1.0,0.011072,1121,
256,11072,11.167,1.0,33.33,3,0.0,1.0,0.011072,1121,
257,11072,10.9567,1.0,36.36,4,0.5,1.0,0.011072,1121,
258,11136,-5.0483,0.0,9.8,5,0.2,1.0,0.011136,1127,
259,11200,-4.0106,0.0,1.96,1,0.0,1.0,0.0112,1133,
260,11200,-5.0499,0.0,9.8,5,0.0,1.0,0.0112,1133,
261,11200,-5.039,0.0,7.84,4,0.5,1.0,0.0112,1133,
262,11264,-3.6203,0.0,10.71,3,0.0,0.6667,0.011264,1136,
263,11264,-4.0687,0.0,13.73,7,0.2857,1.0,0.011264,1136,
264,11328,-4.0181,0.0,3.92,2,0.0,1.0,0.011328,1141,
265,11328,-3.3099,0.0,8.0,2,0.0,0.5,0.011328,1141,
266,11328,7.5474,1.0,11.11,5,0.2,1.0,0.011328,1141,
267,11456,-5.049,0.0,9.8,5,0.6,1.0,0.011456,1155,
268,11520,-3.4211,0.0,11.54,3,0.0,0.6667,0.01152,1157,
269,11520,-5.0407,0.0,7.84,4,0.75,1.0,0.01152,1157,
270,11584,-5.0,0.0,2.38,1,0.0,0.0,0.011584,1160,
271,11648,-1.6113,0.0,25.0,2,0.0,0.5,0.011648,1167,
272,11648,-3.0329,0.0,12.5,4,0.25,0.75,0.011648,1167,
273,11712,-4.0501,0.0,9.8,5,0.2,1.0,0.011712,1172,
274,11712,-4.0098,0.0,6.25,2,0.0,0.5,0.011712,1172,
275,11776,-2.122,0.0,13.04,3,0.0,0.6667,0.011776,1184,
276,11776,-5.0746,0.0,13.73,7,0.8571,1.0,0.011776,1184,
277,11840,-5.0285,0.0,5.88,3,0.6667,1.0,0.01184,1188,
278,11840,-4.0566,0.0,11.76,6,0.3333,1.0,0.01184,1188,
279,11904,9.4542,1.0,15.38,4,0.0,1.0,0.011904,1196,
280,11968,-4.3316,0.0,11.43,4,0.0,0.75,0.011968,1203,
281,11968,-2.7218,0.0,10.34,3,0.3333,0.6667,0.011968,1203,
282,12032,-2.911,0.0,9.52,2,0.0,0.5,0.012032,1211,
283,12032,-2.5,0.0,5.88,1,0.0,0.0,0.012032,1211,
284,12032,11.3763,1.0,28.57,2,0.0,1.0,0.012032,1211,
285,12032,-1.6,0.0,12.5,1,0.0,0.0,0.012032,1211,
286,12032,-4.0497,0.0,9.8,5,0.2,1.0,0.012032,1211,
287,12096,-4.0548,0.0,9.8,5,0.0,1.0,0.012096,1219,
288,12096,-1.823,0.0,15.0,3,0.0,0.6667,0.012096,1219,
289,12160,-2.7113,0.0,10.53,2,0.0,0.5,0.01216,1228,
290,12160,-4.6105,0.0,5.26,2,0.0,0.5,0.01216,1228,
291,12160,-5.0214,0.0,3.92,2,1.0,1.0,0.01216,1228,
292,12288,-4.1,0.0,3.03,1,0.0,0.0,0.012288,1245,
293,12288,-3.9111,0.0,6.45,2,0.5,0.5,0.012288,1245,
294,12288,8.5655,1.0,8.57,3,0.0,1.0,0.012288,1245,
295,12352,7.4415,1.0,10.87,5,0.0,1.0,0.012352,1253,
296,12480,-3.0106,0.0,6.25,2,0.0,0.5,0.01248,1265,
297,12544,-1.8245,0.0,30.0,3,0.0,0.6667,0.012544,1277,
298,12544,-4.0922,0.0,15.69,8,0.125,1.0,0.012544,1277,
299,12608,-4.0789,0.0,13.73,7,0.0,1.0,0.012608,1285,
300,12608,-5.0229,0.0,3.92,2,1.0,1.0,0.012608,1285,
301,12672,10.6754,1.0,14.29,2,0.5,1.0,0.012672,1290,
302,12736,7.7309,1.0,13.95,6,0.0,1.0,0.012736,1299,
303,12928,-3.7117,0.0,6.9,2,0.5,0.5,0.012928,1318,
304,12992,10.4619,1.0,18.75,3,0.0,1.0,0.012992,1320,
305,12992,-4.103,0.0,17.65,9,0.2222,1.0,0.012992,1320,
306,12992,-4.0567,0.0,9.8,5,0.0,1.0,0.012992,1320,
307,13120,-5.6354,0.0,8.33,4,0.0,0.75,0.01312,1332,
308,13184,-4.0439,0.0,7.84,4,0.25,1.0,0.013184,1334,
309,13184,-2.6125,0.0,11.11,2,0.0,0.5,0.013184,1334,
310,13248,-2.3125,0.0,13.33,2,0.0,0.5,0.013248,1336,
311,13376,-5.0241,0.0,7.14,3,0.0,0.6667,0.013376,1349,
312,13376,-1.9,0.0,9.09,1,0.0,0.0,0.013376,1349,
313,13376,-4.0337,0.0,5.88,3,0.3333,1.0,0.013376,1349,
314,13440,-5.0227,0.0,3.92,2,0.0,1.0,0.01344,1361,
315,13440,-4.1122,0.0,6.06,2,0.0,0.5,0.01344,1361,
316,13440,-5.0124,0.0,4.76,2,0.0,0.5,0.01344,1361,
317,13440,8.5624,1.0,8.57,3,0.0,1.0,0.01344,1361,
318,13504,-5.0355,0.0,5.88,3,0.0,1.0,0.013504,1368,
319,13568,-5.1112,0.0,4.65,2,0.0,0.5,0.013568,1371,
320,13568,-5.0598,0.0,9.8,5,0.8,1.0,0.013568,1371,
321,13568,-5.1072,0.0,17.65,9,0.1111,1.0,0.013568,1371,
322,13632,-2.6634,0.0,21.43,6,0.0,0.8333,0.013632,1380,
323,13632,-5.0733,0.0,11.76,6,0.0,1.0,0.013632,1380,
324,13632,-4.0592,0.0,9.8,5,0.2,1.0,0.013632,1380,
325,13696,-4.0343,0.0,5.88,3,0.0,1.0,0.013696,1384,
326,13696,7.1043,1.0,16.33,8,0.0,1.0,0.013696,1384,
327,13696,-3.2255,0.0,12.5,3,0.0,0.6667,0.013696,1384,
328,13824,-5.0108,0.0,1.96,1,0.0,1.0,0.013824,1400,
329,13888,-4.05,0.0,7.84,4,0.0,1.0,0.013888,1404,
330,14016,-2.4135,0.0,12.5,2,0.0,0.5,0.014016,1411,
331,14016,-4.0754,0.0,11.76,6,0.5,1.0,0.014016,1411,
332,14272,-5.0765,0.0,11.76,6,0.1667,1.0,0.014272,1429,
333,14336,-2.9131,0.0,9.52,2,0.0,0.5,0.014336,1437,
334,14336,-4.0632,0.0,9.8,5,0.0,1.0,0.014336,1437,
335,14336,-5.0872,0.0,13.73,7,0.1429,1.0,0.014336,1437,
336,14336,-4.0732,0.0,11.76,6,0.3333,1.0,0.014336,1437,
337,14400,-2.4,0.0,6.25,1,0.0,0.0,0.0144,1444,
338,14464,-5.0241,0.0,3.92,2,0.0,1.0,0.014464,1448,
339,14464,-2.1,0.0,7.69,1,0.0,0.0,0.014464,1448,
340,14464,-3.9127,0.0,4.88,2,0.0,0.5,0.014464,1448,
341,14464,-5.0644,0.0,9.8,5,0.6,1.0,0.014464,1448,
342,14528,-5.0509,0.0,7.84,4,0.25,1.0,0.014528,1455,
343,14528,-1.8,0.0,10.0,1,0.0,0.0,0.014528,1455,
344,14528,-4.0771,0.0,11.76,6,0.3333,1.0,0.014528,1455,
345,14592,-4.118,0.0,17.65,9,0.2222,1.0,0.014592,1461,
346,14592,-4.8644,0.0,15.0,6,0.0,0.8333,0.014592,1461,
347,14592,-4.0375,0.0,5.88,3,0.3333,1.0,0.014592,1461,
348,14656,-1.1,0.0,33.33,1,0.0,0.0,0.014656,1465,
349,14720,-3.2,0.0,4.17,1,0.0,0.0,0.01472,1471,
350,14720,-5.0532,0.0,7.84,4,0.5,1.0,0.01472,1471,
351,14784,9.4854,1.0,3.85,1,0.0,1.0,0.014784,1474,
352,14784,-5.0919,0.0,13.73,7,0.1429,1.0,0.014784,1474,
353,14848,10.0146,1.0,30.0,6,0.3333,1.0,0.014848,1481,
354,14848,-4.7121,0.0,4.08,2,0.0,0.5,0.014848,1481,
355,14912,-5.0242,0.0,3.92,2,0.0,1.0,0.014912,1486,
356,14912,-5.0516,0.0,7.84,4,0.5,1.0,0.014912,1486,
357,14976,-5.2125,0.0,4.55,2,0.5,0.5,0.014976,1492,
358,14976,-4.0254,0.0,3.92,2,1.0,1.0,0.014976,1492,
359,15040,-5.0369,0.0,5.88,3,0.3333,1.0,0.01504,1499,
360,15232,-5.1194,0.0,17.65,9,0.3333,1.0,0.015232,1517,
361,15296,-4.0541,0.0,7.84,4,0.0,1.0,0.015296,1522,
362,15296,-5.0561,0.0,7.84,4,0.5,1.0,0.015296,1522,
363,15296,-5.0252,0.0,3.92,2,0.0,1.0,0.015296,1522,
364,15360,-1.715,0.0,22.22,2,0.0,0.5,0.01536,1531,
365,15360,-5.0289,0.0,3.92,2,0.0,1.0,0.01536,1531,
366,15360,-4.5517,0.0,10.64,5,0.6,0.8,0.01536,1531,
367,15360,-4.0856,0.0,11.76,6,0.3333,1.0,0.01536,1531,
368,15424,-4.6712,0.0,15.79,6,0.0,0.8333,0.015424,1536,
369,15424,-5.0679,0.0,9.8,5,0.2,1.0,0.015424,1536,
370,15552,8.7398,1.0,12.12,4,0.0,1.0,0.015552,1556,
371,15552,-5.1011,0.0,13.73,7,0.1429,1.0,0.015552,1556,
372,15552,-4.0989,0.0,13.73,7,0.4286,1.0,0.015552,1556,
373,15680,11.5843,1.0,20.0,1,0.0,1.0,0.01568,1566,
374,15744,-4.0138,0.0,1.96,1,1.0,1.0,0.015744,1571,
375,15744,-4.0294,0.0,9.38,3,0.3333,0.6667,0.015744,1571,
376,15808,-4.0682,0.0,9.8,5,0.0,1.0,0.015808,1573,
377,15808,-5.1015,0.0,13.73,7,0.4286,1.0,0.015808,1573,
378,15872,-5.0266,0.0,3.92,2,0.5,1.0,0.015872,1578,
379,15872,-5.0841,0.0,11.76,6,0.5,1.0,0.015872,1578,
380,15936,-5.8701,0.0,12.0,6,0.6667,0.8333,0.015936,1587,
381,16064,10.9055,1.0,54.55,6,0.0,1.0,0.016064,1603,
382,16128,-2.7309,0.0,15.79,3,0.0,0.6667,0.016128,1607,
383,16128,8.784,1.0,3.03,1,1.0,1.0,0.016128,1607,
384,16192,-4.0874,0.0,11.76,6,0.0,1.0,0.016192,1616,
385,16192,-2.7,0.0,5.26,1,0.0,0.0,0.016192,1616,
386,16192,-4.5445,0.0,10.81,4,0.5,0.75,0.016192,1616,
387,16256,7.5398,1.0,8.89,4,0.0,1.0,0.016256,1621,
388,16256,-4.3,0.0,2.86,1,0.0,0.0,0.016256,1621,
389,16384,-3.7636,0.0,17.24,5,0.0,0.8,0.016384,1631,
390,16448,-2.6159,0.0,11.11,2,0.5,0.5,0.016448,1642,
391,16448,10.4676,1.0,12.5,2,0.5,1.0,0.016448,1642,
392,16448,-5.0458,0.0,5.88,3,0.3333,1.0,0.016448,1642,
393,16512,-4.119,0.0,15.69,8,0.375,1.0,0.016512,1652,
394,16640,9.2834,1.0,3.57,1,0.0,1.0,0.01664,1664,
395,16640,-5.0288,0.0,3.92,2,1.0,1.0,0.01664,1664,
396,16704,-4.0606,0.0,7.84,4,0.0,1.0,0.016704,1670,
397,16704,-3.0,0.0,4.55,1,0.0,0.0,0.016704,1670,
398,16704,-5.1044,0.0,13.73,7,0.2857,1.0,0.016704,1670,
399,16704,-5.0308,0.0,3.92,2,0.0,1.0,0.016704,1670,
400,16768,-2.7164,0.0,10.53,2,0.0,0.5,0.016768,1678,
401,16768,-5.0606,0.0,7.84,4,0.0,1.0,0.016768,1678,
402,16832,-5.0463,0.0,5.88,3,0.3333,1.0,0.016832,1686,
403,16832,-4.0763,0.0,9.8,5,0.2,1.0,0.016832,1686,
404,16832,-2.6,0.0,5.56,1,0.0,0.0,0.016832,1686,
405,16896,-4.0931,0.0,11.76,6,0.3333,1.0,0.016896,1696,
406,16896,-5.1203,0.0,15.69,8,0.0,1.0,0.016896,1696,
407,16960,-4.0879,0.0,11.76,6,0.0,1.0,0.01696,1703,
408,16960,-4.1248,0.0,15.69,8,0.0,1.0,0.01696,1703,
409,17152,-2.2,0.0,7.14,1,0.0,0.0,0.017152,1724,
410,17152,11.2661,1.0,25.0,2,0.0,1.0,0.017152,1724,
411,17152,10.5834,1.0,6.67,1,0.0,1.0,0.017152,1724,
412,17152,-3.3326,0.0,12.0,3,0.0,0.6667,0.017152,1724,
413,17152,-4.0302,0.0,21.95,9,0.2222,0.8889,0.017152,1724,
414,17152,8.2168,1.0,13.16,5,0.0,1.0,0.017152,1724,
415,17344,-3.1165,0.0,8.7,2,0.0,0.5,0.017344,1751,
416,17408,7.1189,1.0,10.2,5,0.2,1.0,0.017408,1760,
417,17536,-2.1,0.0,7.69,1,0.0,0.0,0.017536,1780,
418,17536,-5.1154,0.0,4.65,2,0.0,0.5,0.017536,1780,
419,17600,-4.046,0.0,5.88,3,0.3333,1.0,0.0176,1787,
420,17600,7.8673,1.0,19.51,8,0.125,1.0,0.0176,1787,
421,17600,-5.0639,0.0,7.84,4,0.25,1.0,0.0176,1787,
422,17600,-4.0316,0.0,3.92,2,0.0,1.0,0.0176,1787,
423,17600,6.8376,1.0,19.61,10,0.2,1.0,0.0176,1787,
424,17664,-5.0259,0.0,17.65,9,0.0,0.8889,0.017664,1794,
425,17728,-5.0973,0.0,11.76,6,0.0,1.0,0.017728,1803,
426,17728,-4.0958,0.0,11.76,6,0.1667,1.0,0.017728,1803,
427,17728,-5.1145,0.0,13.73,7,0.1429,1.0,0.017728,1803,
428,17792,-4.1311,0.0,15.69,8,0.0,1.0,0.017792,1806,
429,17856,-4.1133,0.0,13.73,7,0.0,1.0,0.017856,1810,
430,17856,-5.0821,0.0,9.8,5,0.0,1.0,0.017856,1810,
431,17856,-5.0511,0.0,5.88,3,0.0,1.0,0.017856,1810,
432,17920,-5.1332,0.0,15.69,8,0.25,1.0,0.01792,1817,
433,17984,-4.0655,0.0,7.84,4,0.0,1.0,0.017984,1825,
434,18048,-5.0504,0.0,9.52,4,0.0,0.75,0.018048,1834,
435,18112,-3.9524,0.0,12.9,4,0.0,0.75,0.018112,1845,
436,18112,-5.0664,0.0,7.84,4,0.0,1.0,0.018112,1845,
437,18176,-4.1009,0.0,11.76,6,0.0,1.0,0.018176,1857,
438,18176,10.1119,1.0,26.32,5,0.2,1.0,0.018176,1857,
439,18176,-1.4525,0.0,25.0,4,0.0,0.75,0.018176,1857,
440,18304,-4.1011,0.0,11.76,6,0.0,1.0,0.018304,1867,
441,18304,11.1818,1.0,11.11,1,0.0,1.0,0.018304,1867,
442,18368,-2.7175,0.0,10.53,2,0.0,0.5,0.018368,1874,
443,18432,10.7272,1.0,30.77,4,0.75,1.0,0.018432,1882,
444,18496,-5.1396,0.0,15.69,8,0.0,1.0,0.018496,1891,
445,18560,-4.0867,0.0,9.8,5,0.0,1.0,0.01856,1899,
446,18560,6.9583,1.0,16.0,8,0.0,1.0,0.01856,1899,
447,18688,-4.0169,0.0,6.25,2,0.0,0.5,0.018688,1909,
448,18688,-2.5362,0.0,17.65,3,0.0,0.6667,0.018688,1909,
449,18688,-5.018,0.0,1.96,1,0.0,1.0,0.018688,1909,
450,18752,-1.8183,0.0,20.0,2,0.5,0.5,0.018752,1913,
451,18752,-2.6371,0.0,16.67,3,0.0,0.6667,0.018752,1913,
452,18816,-5.0672,0.0,7.84,4,0.0,1.0,0.018816,1923,
453,18816,-3.4703,0.0,13.89,5,0.0,0.8,0.018816,1923,
454,18816,-2.1,0.0,7.69,1,0.0,0.0,0.018816,1923,
455,18880,10.008,1.0,25.0,5,0.0,1.0,0.01888,1930,
456,19008,-5.1362,0.0,15.69,8,0.0,1.0,0.019008,1952,
457,19008,-5.089,0.0,9.8,5,0.0,1.0,0.019008,1952,
458,19008,-4.9076,0.0,17.5,7,0.1429,0.8571,0.019008,1952,
459,19008,-5.4682,0.0,10.87,5,0.2,0.8,0.019008,1952,
460,19072,-5.0726,0.0,7.84,4,0.0,1.0,0.019072,1963,
461,19072,-2.7361,0.0,15.79,3,0.0,0.6667,0.019072,1963,
462,19072,-4.0714,0.0,7.84,4,0.0,1.0,0.019072,1963,
463,19072,-4.3372,0.0,8.57,3,0.3333,0.6667,0.019072,1963,
464,19072,-3.2,0.0,4.17,1,0.0,0.0,0.019072,1963,
465,19072,-4.5354,0.0,8.11,3,0.0,0.6667,0.019072,1963,
466,19136,-5.8712,0.0,10.0,5,0.0,0.8,0.019136,1975,
467,19136,-4.271,0.0,14.71,5,0.0,0.8,0.019136,1975,
468,19136,8.4929,1.0,17.14,6,0.6667,1.0,0.019136,1975,
469,19136,-4.0717,0.0,7.84,4,0.0,1.0,0.019136,1975,
470,19200,7.2739,1.0,14.89,7,0.0,1.0,0.0192,1987,
471,19200,11.4617,1.0,33.33,2,0.0,1.0,0.0192,1987,
472,19392,-6.0261,0.0,15.69,8,0.0,0.875,0.019392,2011,
473,19456,-4.1228,0.0,13.73,7,0.0,1.0,0.019456,2017,
474,19520,-5.274,0.0,11.36,5,0.0,0.8,0.01952,2024,
475,19520,9.9236,1.0,19.05,4,0.0,1.0,0.01952,2024,
476,19520,-5.1465,0.0,15.69,8,0.125,1.0,0.01952,2024,
477,19584,-3.037,0.0,13.64,3,0.0,0.6667,0.019584,2037,
478,19584,-2.7548,0.0,13.79,4,0.25,0.75,0.019584,2037,
479,19648,10.5619,1.0,13.33,2,0.5,1.0,0.019648,2041,
480,19648,-5.074,0.0,7.84,4,0.0,1.0,0.019648,2041,
481,19712,-4.1214,0.0,13.73,7,0.4286,1.0,0.019712,2047,
482,19712,-5.0372,0.0,3.92,2,0.0,1.0,0.019712,2047,
483,19776,7.3717,1.0,15.22,7,0.0,1.0,0.019776,2055,
484,19776,10.8807,1.0,8.33,1,1.0,1.0,0.019776,2055,
485,19840,7.324,1.0,8.51,4,0.0,1.0,0.01984,2065,
486,19840,-2.0194,0.0,16.67,2,0.0,0.5,0.01984,2065,
487,19968,-2.1,0.0,7.69,1,0.0,0.0,0.019968,2079,
488,19968,-5.0547,0.0,5.88,3,0.0,1.0,0.019968,2079,
489,20032,-4.0746,0.0,7.84,4,0.0,1.0,0.020032,2084,
490,20032,-4.0722,0.0,7.84,4,0.0,1.0,0.020032,2084,
491,20096,-2.4768,0.0,19.23,5,0.0,0.8,0.020096,2092,
492,20096,-1.8383,0.0,15.0,3,0.0,0.6667,0.020096,2092,
493,20096,-3.8,0.0,3.33,1,0.0,0.0,0.020096,2092,
494,20160,-4.1121,0.0,11.76,6,0.0,1.0,0.02016,2104,
495,20160,-4.7755,0.0,12.82,5,0.0,0.8,0.02016,2104,
496,20160,-2.8,0.0,5.0,1,0.0,0.0,0.02016,2104,
497,20224,-4.9548,0.0,9.76,4,0.0,0.75,0.020224,2112,
498,20352,-2.0397,0.0,25.0,3,0.0,0.6667,0.020352,2122,
499,20416,-5.1356,0.0,13.73,7,0.0,1.0,0.020416,2132,
500,20416,-5.0932,0.0,9.8,5,0.0,1.0,0.020416,2132,
501,20416,-4.1123,0.0,11.76,6,0.1667,1.0,0.020416,2132,
502,20416,-4.1543,0.0,15.69,8,0.125,1.0,0.020416,2132,
503,20544,-2.0401,0.0,25.0,3,0.0,0.6667,0.020544,2143,
504,20608,-5.1129,0.0,11.76,6,0.0,1.0,0.020608,2147,
505,20672,-4.093,0.0,9.8,5,0.0,1.0,0.020672,2158,
506,20672,9.6795,1.0,4.17,1,0.0,1.0,0.020672,2158,
507,20800,9.4804,1.0,3.85,1,0.0,1.0,0.0208,2177,
508,20800,-4.1308,0.0,13.73,7,0.0,1.0,0.0208,2177,
509,20800,-2.0204,0.0,16.67,2,0.0,0.5,0.0208,2177,
510,20864,-3.6392,0.0,10.71,3,0.0,0.6667,0.020864,2187,
511,20864,9.4599,1.0,7.69,2,0.5,1.0,0.020864,2187,
512,20928,-4.8973,0.0,15.0,6,0.0,0.8333,0.020928,2193,
513,20928,-4.9409,0.0,7.32,3,0.0,0.6667,0.020928,2193,
514,20992,-5.0982,0.0,9.8,5,0.0,1.0,0.020992,2200,
515,20992,10.179,1.0,5.26,1,0.0,1.0,0.020992,2200,
516,21056,-4.2536,0.0,25.49,13,0.0,1.0,0.021056,2211,
517,21056,-4.0,0.0,3.12,1,0.0,0.0,0.021056,2211,
518,21056,-1.5,0.0,14.29,1,0.0,0.0,0.021056,2211,
519,21120,-4.1386,0.0,13.73,7,0.0,1.0,0.02112,2216,
520,21120,-5.1366,0.0,13.73,7,0.0,1.0,0.02112,2216,
521,21184,-4.0804,0.0,7.84,4,0.25,1.0,0.021184,2223,
522,21184,-1.0207,0.0,16.67,2,0.0,0.5,0.021184,2223,
523,21248,-4.321,0.0,20.59,7,0.1429,0.8571,0.021248,2234,
524,21312,-4.2175,0.0,21.57,11,0.0,1.0,0.021312,2237,
525,21376,-5.0788,0.0,7.84,4,0.0,1.0,0.021376,2240,
526,21376,9.9963,1.0,25.0,5,0.4,1.0,0.021376,2240,
527,21376,10.5789,1.0,6.67,1,0.0,1.0,0.021376,2240,
528,21440,-1.4212,0.0,33.33,2,0.0,0.5,0.02144,2248,
529,21440,10.4788,1.0,6.25,1,0.0,1.0,0.02144,2248,
530,21440,7.6956,1.0,23.81,10,0.1,1.0,0.02144,2248,
531,21568,-5.1017,0.0,9.8,5,0.2,1.0,0.021568,2264,
532,21696,-2.8,0.0,5.0,1,0.0,0.0,0.021696,2275,
533,21760,-5.121,0.0,11.76,6,0.0,1.0,0.02176,2282,
534,21760,-3.6406,0.0,10.71,3,0.0,0.6667,0.02176,2282,
535,21824,-5.1808,0.0,11.63,5,0.0,0.8,0.021824,2288,
536,21824,-4.0406,0.0,3.92,2,0.0,1.0,0.021824,2288,
537,21824,-3.4401,0.0,8.33,3,0.3333,0.6667,0.021824,2288,
538,21824,-4.0801,0.0,7.84,4,0.0,1.0,0.021824,2288,
539,21952,-3.8216,0.0,6.67,2,0.0,0.5,0.021952,2303,
540,21952,-4.2466,0.0,23.53,12,0.0,1.0,0.021952,2303,
541,21952,-5.1831,0.0,17.65,9,0.0,1.0,0.021952,2303,
542,22016,-4.1802,0.0,17.65,9,0.0,1.0,0.022016,2314,
543,22080,-4.3625,0.0,11.43,4,0.0,0.75,0.02208,2325,
544,22080,-5.1026,0.0,9.8,5,0.2,1.0,0.02208,2325,
545,22080,-5.0808,0.0,11.9,5,0.0,0.8,0.02208,2325,
546,22080,9.114,1.0,13.79,4,0.0,1.0,0.02208,2325,
547,22208,6.9973,1.0,10.0,5,0.0,1.0,0.022208,2335,
548,22208,-2.9424,0.0,14.29,3,0.0,0.6667,0.022208,2335,
549,22272,-5.119,0.0,11.76,6,0.0,1.0,0.022272,2348,
550,22336,-5.1269,0.0,11.76,6,0.0,1.0,0.022336,2357,
551,22336,-5.1048,0.0,9.8,5,0.0,1.0,0.022336,2357,
552,22336,-2.4,0.0,3.85,1,0.0,0.0,0.022336,2357,
553,22400,10.3115,1.0,23.53,4,0.25,1.0,0.0224,2367,
554,22400,-5.0624,0.0,5.88,3,0.0,1.0,0.0224,2367,
555,22400,10.4121,1.0,25.0,4,0.0,1.0,0.0224,2367,
556,22464,-4.1648,0.0,15.69,8,0.0,1.0,0.022464,2374,
557,22528,11.1881,1.0,62.5,5,0.0,1.0,0.022528,2383,
558,22528,-3.3,0.0,4.0,1,0.0,0.0,0.022528,2383,
559,22592,-4.7204,0.0,5.13,2,0.5,0.5,0.022592,2389,
560,22592,-2.6216,0.0,11.11,2,0.0,0.5,0.022592,2389,
561,22656,-1.7,0.0,11.11,1,0.0,0.0,0.022656,2398,
562,22720,-5.1471,0.0,13.73,7,0.1429,1.0,0.02272,2408,
563,22720,-5.2076,0.0,13.95,6,0.0,0.8333,0.02272,2408,
564,22784,-3.942,0.0,7.32,3,0.3333,0.6667,0.022784,2416,
565,22784,9.0688,1.0,20.69,6,0.0,1.0,0.022784,2416,
566,22784,-5.0625,0.0,5.88,3,0.0,1.0,0.022784,2416,
567,22784,-4.1496,0.0,13.73,7,0.0,1.0,0.022784,2416,
568,22848,-4.0424,0.0,3.92,2,0.0,1.0,0.022848,2425,
569,22848,-4.721,0.0,5.13,2,0.0,0.5,0.022848,2425,
570,22912,-5.1071,0.0,9.8,5,0.0,1.0,0.022912,2431,
571,22912,-5.1089,0.0,9.8,5,0.4,1.0,0.022912,2431,
572,22976,-5.1697,0.0,15.69,8,0.0,1.0,0.022976,2446,
573,22976,-4.1937,0.0,17.65,9,0.0,1.0,0.022976,2446,
574,22976,-4.3928,0.0,22.73,10,0.1,0.9,0.022976,2446,
575,23040,-1.8227,0.0,20.0,2,0.0,0.5,0.02304,2453,
576,23040,8.8902,1.0,16.13,5,0.0,1.0,0.02304,2453,
577,23104,-4.1296,0.0,11.76,6,0.3333,1.0,0.023104,2458,
578,23168,-5.0078,0.0,14.63,6,0.0,0.8333,0.023168,2469,
579,23232,-2.0458,0.0,25.0,3,0.0,0.6667,0.023232,2478,
580,23232,11.4,1.0,0.0,0,,,0.023232,2478,
581,23296,-3.0665,0.0,12.5,4,0.0,0.75,0.023296,2486,
582,23360,-5.2026,0.0,17.65,9,0.0,1.0,0.02336,2493,
583,23424,-5.1095,0.0,9.8,5,0.0,1.0,0.023424,2500,
584,23424,-3.766,0.0,13.79,4,0.0,0.75,0.023424,2500,
585,23616,-1.3,0.0,20.0,1,0.0,0.0,0.023616,2533,
586,23616,-1.4,0.0,16.67,1,0.0,0.0,0.023616,2533,
587,23616,-4.4133,0.0,17.14,6,0.0,0.8333,0.023616,2533,
588,23680,9.5083,1.0,16.0,4,0.0,1.0,0.02368,2538,
589,23808,7.3431,1.0,15.22,7,0.2857,1.0,0.023808,2550,
590,23808,10.8053,1.0,33.33,4,0.0,1.0,0.023808,2550,
591,23936,-4.1137,0.0,9.8,5,0.2,1.0,0.023936,2572,
592,23936,8.7078,1.0,12.12,4,0.0,1.0,0.023936,2572,
593,23936,-4.1668,0.0,12.12,4,0.0,0.75,0.023936,2572,
594,24000,-3.0,0.0,4.55,1,0.0,0.0,0.024,2576,
595,24064,-5.0885,0.0,7.84,4,0.0,1.0,0.024064,2582,
596,24064,-4.1795,0.0,15.69,8,0.25,1.0,0.024064,2582,
597,24064,-4.1121,0.0,9.8,5,0.0,1.0,0.024064,2582,
598,24064,-1.723,0.0,10.53,2,0.0,0.5,0.024064,2582,
599,24128,-4.1891,0.0,11.63,5,0.2,0.8,0.024128,2589,
600,24192,8.4588,1.0,17.14,6,0.0,1.0,0.024192,2599,
601,24256,-5.023,0.0,1.96,1,0.0,1.0,0.024256,2603,
602,24256,-5.0925,0.0,7.84,4,0.0,1.0,0.024256,2603,
603,24320,-2.9,0.0,4.76,1,0.0,0.0,0.02432,2610,
604,24320,-3.9939,0.0,16.13,5,0.0,0.8,0.02432,2610,
605,24320,-5.0901,0.0,7.84,4,0.0,1.0,0.02432,2610,
606,24320,8.062,1.0,15.38,6,0.5,1.0,0.02432,2610,
607,24384,-5.0913,0.0,7.84,4,0.0,1.0,0.024384,2618,
608,24384,-5.1391,0.0,11.76,6,0.0,1.0,0.024384,2618,
609,24384,9.0595,1.0,20.69,6,0.0,1.0,0.024384,2618,
610,24448,-4.0899,0.0,7.84,4,0.25,1.0,0.024448,2622,
611,24448,-5.0902,0.0,7.84,4,0.0,1.0,0.024448,2622,
612,24448,-2.0465,0.0,13.64,3,0.0,0.6667,0.024448,2622,
613,24576,-4.5223,0.0,5.41,2,0.0,0.5,0.024576,2637,
614,24704,-4.9711,0.0,9.76,4,0.0,0.75,0.024704,2652,
615,24704,-4.1635,0.0,13.73,7,0.0,1.0,0.024704,2652,
616,24704,-4.1384,0.0,11.76,6,0.1667,1.0,0.024704,2652,
617,24704,11.4754,1.0,16.67,1,0.0,1.0,0.024704,2652,
618,24960,-4.1635,0.0,13.73,7,0.0,1.0,0.02496,2680,
619,24960,-4.6689,0.0,10.53,4,0.0,0.75,0.02496,2680,
620,25024,-4.0458,0.0,3.92,2,0.0,1.0,0.025024,2686,
621,25024,-5.07,0.0,5.88,3,0.0,1.0,0.025024,2686,
622,25088,-2.1,0.0,7.69,1,0.0,0.0,0.025088,2694,
623,25088,-5.046,0.0,3.92,2,0.0,1.0,0.025088,2694,
624,25216,-5.0925,0.0,7.84,4,0.25,1.0,0.025216,2713,
625,25216,-5.2146,0.0,17.65,9,0.1111,1.0,0.025216,2713,
626,25344,-4.1951,0.0,15.69,8,0.125,1.0,0.025344,2727,
627,25344,-5.4705,0.0,8.7,4,0.0,0.75,0.025344,2727,
628,25408,-1.9,0.0,9.09,1,0.0,0.0,0.025408,2737,
629,25472,-1.025,0.0,16.67,2,0.0,0.5,0.025472,2743,
630,25472,-4.1665,0.0,13.73,7,0.0,1.0,0.025472,2743,
631,25536,-5.0169,0.0,14.63,6,0.0,0.8333,0.025536,2748,
632,25536,-5.1181,0.0,9.8,5,0.0,1.0,0.025536,2748,
633,25600,-4.1179,0.0,9.8,5,0.0,1.0,0.0256,2752,
634,25600,-4.1917,0.0,15.69,8,0.0,1.0,0.0256,2752,
635,25600,-2.6248,0.0,11.11,2,0.5,0.5,0.0256,2752,
636,25664,-5.1959,0.0,11.63,5,0.0,0.8,0.025664,2756,
637,25664,-4.2172,0.0,17.65,9,0.2222,1.0,0.025664,2756,
638,25728,-2.9,0.0,4.76,1,0.0,0.0,0.025728,2766,
639,25728,-4.5723,0.0,10.81,4,0.0,0.75,0.025728,2766,
640,25792,-2.1252,0.0,15.38,2,0.0,0.5,0.025792,2769,
641,25856,-3.1,0.0,4.35,1,0.0,0.0,0.025856,2781,
642,25856,-5.2423,0.0,19.61,10,0.0,1.0,0.025856,2781,
643,25920,-3.2508,0.0,12.5,3,0.0,0.6667,0.02592,2790,
644,25920,-5.092,0.0,17.65,9,0.0,0.8889,0.02592,2790,
645,25984,-5.1203,0.0,9.8,5,0.0,1.0,0.025984,2798,
646,25984,-3.4751,0.0,15.38,4,0.0,0.75,0.025984,2798,
647,25984,-5.1443,0.0,11.76,6,0.0,1.0,0.025984,2798,
648,26048,-4.0937,0.0,7.84,4,0.0,1.0,0.026048,2807,
649,26048,-4.2411,0.0,19.61,10,0.3,1.0,0.026048,2807,
650,26048,-4.1974,0.0,15.69,8,0.0,1.0,0.026048,2807,
651,26112,-5.1003,0.0,7.84,4,0.0,1.0,0.026112,2813,
652,26176,-4.4258,0.0,17.14,6,0.0,0.8333,0.026176,2826,
653,26240,-4.2427,0.0,19.61,10,0.0,1.0,0.02624,2830,
654,26240,-4.1743,0.0,13.73,7,0.0,1.0,0.02624,2830,
655,26240,-1.4,0.0,16.67,1,0.0,0.0,0.02624,2830,
656,26304,-3.3,0.0,4.0,1,0.0,0.0,0.026304,2843,
657,26304,-3.7515,0.0,10.34,3,0.0,0.6667,0.026304,2843,
658,26304,-1.726,0.0,22.22,2,0.0,0.5,0.026304,2843,
659,26368,-2.9513,0.0,14.29,3,0.0,0.6667,0.026368,2853,
660,26368,-4.1988,0.0,15.69,8,0.0,1.0,0.026368,2853,
661,26432,-5.1489,0.0,11.76,6,0.0,1.0,0.026432,2867,
662,26432,-1.9261,0.0,18.18,2,0.0,0.5,0.026432,2867,
663,26496,8.1199,1.0,18.42,7,0.1429,1.0,0.026496,2877,
664,26496,-5.1276,0.0,9.8,5,0.0,1.0,0.026496,2877,
665,26560,8.2732,1.0,13.51,5,0.0,1.0,0.02656,2880,
666,26560,9.6964,1.0,17.39,4,0.0,1.0,0.02656,2880,
667,26624,-5.8769,0.0,8.0,4,0.0,0.75,0.026624,2887,
668,26688,-3.1253,0.0,8.7,2,0.5,0.5,0.026688,2892,
669,26688,-4.1993,0.0,15.69,8,0.0,1.0,0.026688,2892,
670,26752,-4.025,0.0,4.76,2,0.0,0.5,0.026752,2898,
671,26816,7.3914,1.0,17.78,8,0.0,1.0,0.026816,2901,
672,26880,-4.2039,0.0,15.69,8,0.0,1.0,0.02688,2910,
673,26880,-4.1546,0.0,11.76,6,0.0,1.0,0.02688,2910,
674,26880,-5.0743,0.0,5.88,3,0.3333,1.0,0.02688,2910,
675,26944,-5.0742,0.0,5.88,3,0.0,1.0,0.026944,2918,
676,27072,10.5196,1.0,20.0,3,0.3333,1.0,0.027072,2927,
677,27072,-5.0247,0.0,1.96,1,0.0,1.0,0.027072,2927,
678,27072,-5.2034,0.0,15.69,8,0.0,1.0,0.027072,2927,
679,27136,-2.1266,0.0,15.38,2,0.0,0.5,0.027136,2933,
680,27136,11.0732,1.0,10.0,1,0.0,1.0,0.027136,2933,
681,27136,-2.5533,0.0,17.65,3,0.0,0.6667,0.027136,2933,
682,27200,-5.1258,0.0,9.8,5,0.0,1.0,0.0272,2942,
683,27200,-1.9527,0.0,14.29,3,0.0,0.6667,0.0272,2942,
684,27264,-5.1748,0.0,13.73,7,0.0,1.0,0.027264,2949,
685,27328,-4.104,0.0,7.84,4,0.0,1.0,0.027328,2959,
686,27328,-5.1007,0.0,7.84,4,0.0,1.0,0.027328,2959,
687,27392,-3.6526,0.0,10.71,3,0.0,0.6667,0.027392,2960,
688,27392,-4.1274,0.0,9.8,5,0.0,1.0,0.027392,2960,
689,27456,-1.6268,0.0,11.11,2,0.0,0.5,0.027456,2968,
690,27520,-4.2863,0.0,21.57,11,0.0,1.0,0.02752,2974,
691,27584,-5.1828,0.0,13.73,7,0.0,1.0,0.027584,2979,
692,27584,-5.0498,0.0,3.92,2,0.0,1.0,0.027584,2979,
693,27648,-1.6,0.0,12.5,1,0.0,0.0,0.027648,2991,
694,27648,-4.207,0.0,15.15,5,0.0,0.8,0.027648,2991,
695,27712,-4.1319,0.0,9.8,5,0.0,1.0,0.027712,2998,
696,27776,-3.1266,0.0,8.7,2,0.0,0.5,0.027776,3010,
697,27776,-1.9,0.0,9.09,1,0.0,0.0,0.027776,3010,
698,27776,9.7912,1.0,18.18,4,0.0,1.0,0.027776,3010,
699,27776,-3.2264,0.0,8.33,2,0.0,0.5,0.027776,3010,
700,27776,-1.9272,0.0,18.18,2,0.0,0.5,0.027776,3010,
701,27840,-1.7277,0.0,22.22,2,0.5,0.5,0.02784,3014,
702,27840,-5.1566,0.0,11.76,6,0.1667,1.0,0.02784,3014,
703,27840,-3.4079,0.0,20.0,5,0.2,0.8,0.02784,3014,
704,27904,-4.8534,0.0,7.5,3,0.0,0.6667,0.027904,3021,
705,27968,-4.2896,0.0,21.57,11,0.0909,1.0,0.027968,3026,
706,28096,-3.4548,0.0,11.54,3,0.0,0.6667,0.028096,3036,
707,28096,-1.6,0.0,5.56,1,0.0,0.0,0.028096,3036,
708,28224,-5.053,0.0,3.92,2,0.0,1.0,0.028224,3046,
709,28288,-4.184,0.0,13.73,7,0.0,1.0,0.028288,3052,
710,28288,-4.305,0.0,11.36,5,0.4,0.8,0.028288,3052,
711,28352,-3.7344,0.0,21.43,6,0.3333,0.8333,0.028352,3065,
712,28352,-5.2086,0.0,15.69,8,0.125,1.0,0.028352,3065,
713,28416,9.5355,1.0,25.0,6,0.0,1.0,0.028416,3069,
714,28480,-4.19,0.0,13.73,7,0.1429,1.0,0.02848,3077,
715,28544,-5.1,0.0,2.33,1,0.0,0.0,0.028544,3086,
716,28544,-2.0284,0.0,16.67,2,0.0,0.5,0.028544,3086,
717,28544,-4.9066,0.0,12.5,5,0.0,0.8,0.028544,3086,
718,28608,-4.1629,0.0,11.76,6,0.0,1.0,0.028608,3092,
719,28608,-2.8284,0.0,10.0,2,0.0,0.5,0.028608,3092,
720,28608,-4.9523,0.0,7.32,3,0.3333,0.6667,0.028608,3092,
721,28672,-5.6341,0.0,12.77,6,0.1667,0.8333,0.028672,3097,
722,28672,-5.1104,0.0,7.84,4,0.0,1.0,0.028672,3097,
723,28736,-2.3,0.0,6.67,1,0.0,0.0,0.028736,3106,
724,28736,-2.9276,0.0,9.52,2,0.0,0.5,0.028736,3106,
725,28736,-4.1054,0.0,7.84,4,0.0,1.0,0.028736,3106,
726,28800,-5.7535,0.0,6.12,3,0.0,0.6667,0.0288,3113,
727,28800,-4.1085,0.0,7.84,4,0.0,1.0,0.0288,3113,
728,28864,-4.1057,0.0,7.84,4,0.0,1.0,0.028864,3117,
729,28864,-4.3563,0.0,6.67,3,0.3333,0.6667,0.028864,3117,
730,28864,-5.1921,0.0,13.73,7,0.0,1.0,0.028864,3117,
731,28992,7.4166,1.0,6.52,3,0.0,1.0,0.028992,3134,
732,28992,-0.9569,0.0,27.27,3,0.0,0.6667,0.028992,3134,
733,29120,-4.7662,0.0,18.42,7,0.0,0.8571,0.02912,3145,
734,29184,-5.1921,0.0,13.73,7,0.0,1.0,0.029184,3155,
735,29184,-4.1942,0.0,13.73,7,0.0,1.0,0.029184,3155,
736,29248,-4.5834,0.0,10.81,4,0.0,0.75,0.029248,3164,
737,29248,-2.6287,0.0,11.11,2,0.0,0.5,0.029248,3164,
738,29312,-3.657,0.0,10.71,3,0.0,0.6667,0.029312,3170,
739,29312,-5.1378,0.0,9.8,5,0.0,1.0,0.029312,3170,
740,29376,9.3273,1.0,23.08,6,0.0,1.0,0.029376,3178,
741,29440,-5.113,0.0,7.84,4,0.0,1.0,0.02944,3187,
742,29440,9.214,1.0,10.71,3,0.3333,1.0,0.02944,3187,
743,29504,-5.1702,0.0,11.76,6,0.0,1.0,0.029504,3191,
744,29504,-3.5861,0.0,10.81,4,0.0,0.75,0.029504,3191,
745,29568,10.7709,1.0,7.69,1,0.0,1.0,0.029568,3195,
746,29632,-4.3561,0.0,8.57,3,0.0,0.6667,0.029632,3202,
747,29632,-2.8867,0.0,20.0,4,0.0,0.75,0.029632,3202,
748,29632,-5.1685,0.0,11.76,6,0.1667,1.0,0.029632,3202,
749,29696,-3.8282,0.0,6.67,2,0.5,0.5,0.029696,3209,
750,29696,-4.086,0.0,5.88,3,0.0,1.0,0.029696,3209,
751,29760,10.4703,1.0,6.25,1,0.0,1.0,0.02976,3212,
752,29760,-4.2255,0.0,15.69,8,0.0,1.0,0.02976,3212,
753,29824,-4.1983,0.0,13.73,7,0.1429,1.0,0.029824,3217,
754,29824,-5.6412,0.0,12.77,6,0.0,0.8333,0.029824,3217,
755,29888,-5.1391,0.0,9.8,5,0.2,1.0,0.029888,3220,
756,29952,-3.5857,0.0,10.81,4,0.25,0.75,0.029952,3229,
757,29952,-5.1135,0.0,7.84,4,0.0,1.0,0.029952,3229,
758,30016,-2.4584,0.0,18.75,3,0.0,0.6667,0.030016,3236,
759,30016,-5.1435,0.0,9.8,5,0.0,1.0,0.030016,3236,
760,30080,7.8843,1.0,9.76,4,0.0,1.0,0.03008,3239,
761,30080,-4.4561,0.0,8.33,3,0.0,0.6667,0.03008,3239,
762,30144,-5.0569,0.0,3.92,2,0.0,1.0,0.030144,3246,
763,30144,10.9,1.0,0.0,0,,,0.030144,3246,
764,30144,-4.4852,0.0,11.11,4,0.25,0.75,0.030144,3246,
765,30208,10.8399,1.0,16.67,2,0.0,1.0,0.030208,3255,
766,30272,-5.6,0.0,2.08,1,0.0,0.0,0.030272,3262,
767,30336,-4.0587,0.0,9.38,3,0.3333,0.6667,0.030336,3270,
768,30336,-5.1157,0.0,7.84,4,0.0,1.0,0.030336,3270,
769,30400,-4.1731,0.0,11.76,6,0.1667,1.0,0.0304,3280,
770,30400,-3.9772,0.0,23.33,7,0.0,0.8571,0.0304,3280,
771,30464,-5.1137,0.0,7.84,4,0.0,1.0,0.030464,3289,
772,30528,-4.6877,0.0,10.53,4,0.0,0.75,0.030528,3302,
773,30528,10.6393,1.0,14.29,2,0.5,1.0,0.030528,3302,
774,30592,-5.148,0.0,9.8,5,0.0,1.0,0.030592,3311,
775,30592,9.8101,1.0,13.64,3,0.0,1.0,0.030592,3311,
776,30656,8.8226,1.0,19.35,6,0.1667,1.0,0.030656,3320,
777,30784,-4.9476,0.0,15.0,6,0.0,0.8333,0.030784,3338,
778,30784,-1.8306,0.0,20.0,2,0.0,0.5,0.030784,3338,
779,30848,-5.4852,0.0,8.7,4,0.5,0.75,0.030848,3346,
780,30848,8.7188,1.0,18.75,6,0.0,1.0,0.030848,3346,
781,30848,-4.0902,0.0,5.88,3,0.0,1.0,0.030848,3346,
782,30912,-4.1457,0.0,9.8,5,0.0,1.0,0.030912,3354,
783,31040,-4.2376,0.0,15.69,8,0.0,1.0,0.03104,3374,
784,31040,-4.5301,0.0,5.41,2,0.0,0.5,0.03104,3374,
785,31104,-5.1748,0.0,11.76,6,0.1667,1.0,0.031104,3378,
786,31104,-5.1172,0.0,7.84,4,0.0,1.0,0.031104,3378,
787,31232,-2.2307,0.0,14.29,2,0.0,0.5,0.031232,3394,
788,31232,-5.1466,0.0,9.8,5,0.0,1.0,0.031232,3394,
789,31232,11.3688,1.0,14.29,1,0.0,1.0,0.031232,3394,
790,31296,-3.3918,0.0,16.0,4,0.0,0.75,0.031296,3405,
791,31360,-1.7309,0.0,10.53,2,0.5,0.5,0.03136,3411,
792,31424,-0.831,0.0,20.0,2,0.0,0.5,0.031424,3419,
793,31488,-3.9904,0.0,12.9,4,0.0,0.75,0.031488,3422,
794,31552,7.6465,1.0,11.63,5,0.0,1.0,0.031552,3428,
795,31616,8.1777,1.0,10.53,4,0.25,1.0,0.031616,3435,
796,31616,10.5063,1.0,20.0,3,0.0,1.0,0.031616,3435,
797,31616,-4.1825,0.0,11.76,6,0.0,1.0,0.031616,3435,
798,31680,-2.631,0.0,11.11,2,0.0,0.5,0.03168,3441,
799,31680,-4.1495,0.0,9.8,5,0.0,1.0,0.03168,3441,
800,31808,-5.2446,0.0,15.69,8,0.0,1.0,0.031808,3455,
801,31808,-3.7608,0.0,10.34,3,0.3333,0.6667,0.031808,3455,
802,31808,-5.2435,0.0,15.69,8,0.0,1.0,0.031808,3455,
803,31808,-5.1506,0.0,9.8,5,0.0,1.0,0.031808,3455,
804,31872,-5.089,0.0,5.88,3,0.0,1.0,0.031872,3459,
805,31872,-5.2374,0.0,15.69,8,0.125,1.0,0.031872,3459,
806,31872,-5.1498,0.0,9.8,5,0.2,1.0,0.031872,3459,
807,32000,8.7807,1.0,22.58,7,0.0,1.0,0.032,3471,
808,32000,-5.1199,0.0,7.84,4,0.0,1.0,0.032,3471,
809,32064,-4.2544,0.0,18.18,6,0.1667,0.8333,0.032064,3478,
810,32128,-5.124,0.0,7.84,4,0.0,1.0,0.032128,3485,
811,32128,-5.2115,0.0,13.73,7,0.1429,1.0,0.032128,3485,
812,32128,-4.1511,0.0,9.8,5,0.0,1.0,0.032128,3485,
813,32128,-3.5,0.0,3.7,1,0.0,0.0,0.032128,3485,
814,32192,10.9679,1.0,9.09,1,0.0,1.0,0.032192,3493,
815,32256,-5.1548,0.0,9.8,5,0.4,1.0,0.032256,3502,
816,32320,-5.2182,0.0,19.05,8,0.0,0.875,0.03232,3512,
817,32384,-4.5609,0.0,8.11,3,0.0,0.6667,0.032384,3525,
818,32384,-1.8315,0.0,10.0,2,0.5,0.5,0.032384,3525,
819,32384,-5.2156,0.0,13.73,7,0.1429,1.0,0.032384,3525,
820,32384,-5.793,0.0,8.16,4,0.0,0.75,0.032384,3525,
821,32512,-4.1245,0.0,7.84,4,0.0,1.0,0.032512,3539,
822,32576,-4.1875,0.0,11.76,6,0.0,1.0,0.032576,3544,
823,32576,-5.2133,0.0,13.73,7,0.1429,1.0,0.032576,3544,
824,32704,-3.1316,0.0,8.7,2,0.0,0.5,0.032704,3560,
825,32704,-5.2191,0.0,13.73,7,0.0,1.0,0.032704,3560,
826,32704,-1.8,0.0,10.0,1,0.0,0.0,0.032704,3560,
827,32704,-2.5,0.0,5.88,1,0.0,0.0,0.032704,3560,
828,32768,-4.0937,0.0,5.88,3,0.0,1.0,0.032768,3570,
829,32768,-3.4949,0.0,15.38,4,0.0,0.75,0.032768,3570,
830,32768,-5.5265,0.0,10.87,5,0.0,0.8,0.032768,3570,
831,32832,7.2755,1.0,8.51,4,0.0,1.0,0.032832,3581,
832,32832,-5.1573,0.0,9.8,5,0.0,1.0,0.032832,3581,
833,32896,-5.2826,0.0,17.65,9,0.0,1.0,0.032896,3587,
834,32960,-4.2221,0.0,13.73,7,0.0,1.0,0.03296,3593,
835,33024,-4.1571,0.0,9.8,5,0.6,1.0,0.033024,3602,
836,33024,-5.0931,0.0,5.88,3,0.0,1.0,0.033024,3602,
837,33152,-4.2551,0.0,15.69,8,0.0,1.0,0.033152,3616,
838,33152,-2.4,0.0,6.25,1,0.0,0.0,0.033152,3616,
839,33216,-2.9288,0.0,16.67,5,0.2,0.8,0.033216,3626,
840,33216,-4.2326,0.0,5.88,2,0.0,0.5,0.033216,3626,
841,33344,-4.158,0.0,9.8,5,0.4,1.0,0.033344,3644,
842,33344,-5.3614,0.0,13.64,6,0.0,0.8333,0.033344,3644,
843,33344,-5.127,0.0,7.84,4,0.0,1.0,0.033344,3644,
844,33408,-4.1863,0.0,11.76,6,0.3333,1.0,0.033408,3653,
845,33472,8.6054,1.0,18.18,6,0.0,1.0,0.033472,3661,
846,33472,-4.1981,0.0,11.76,6,0.0,1.0,0.033472,3661,
847,33536,-3.9615,0.0,20.0,6,0.0,0.8333,0.033536,3671,
848,33536,-4.2266,0.0,13.73,7,0.2857,1.0,0.033536,3671,
849,33600,-2.1977,0.0,17.39,4,0.0,0.75,0.0336,3682,
850,33600,-4.1946,0.0,32.26,10,0.0,0.9,0.0336,3682,
851,33600,-5.1624,0.0,9.8,5,0.0,1.0,0.0336,3682,
852,33600,-1.7333,0.0,22.22,2,0.5,0.5,0.0336,3682,
853,33664,-5.1944,0.0,11.76,6,0.0,1.0,0.033664,3691,
854,33728,-5.2597,0.0,15.69,8,0.0,1.0,0.033728,3697,
855,33792,6.9061,1.0,12.0,6,0.0,1.0,0.033792,3704,
856,33856,-5.1604,0.0,9.8,5,0.0,1.0,0.033856,3713,
857,33920,-1.7336,0.0,22.22,2,0.0,0.5,0.03392,3723,
858,33984,-3.0644,0.0,19.35,6,0.1667,0.8333,0.033984,3734,
859,33984,-3.3,0.0,4.0,1,0.0,0.0,0.033984,3734,
860,34048,11.2,1.0,0.0,0,,,0.034048,3744,
861,34048,8.6016,1.0,8.82,3,0.0,1.0,0.034048,3744,
862,34048,6.9672,1.0,8.0,4,0.0,1.0,0.034048,3744,
863,34112,-4.127,0.0,7.84,4,0.0,1.0,0.034112,3751,
864,34112,-5.0664,0.0,3.92,2,0.0,1.0,0.034112,3751,
865,34176,-4.1948,0.0,11.76,6,0.1667,1.0,0.034176,3759,
866,34176,10.0651,1.0,21.05,4,0.0,1.0,0.034176,3759,
867,34240,11.4,1.0,0.0,0,,,0.03424,3770,
868,34304,7.8691,1.0,25.64,10,0.2,1.0,0.034304,3778,
869,34304,-5.1327,0.0,7.84,4,0.5,1.0,0.034304,3778,
870,34496,-4.1299,0.0,7.84,4,0.0,1.0,0.034496,3800,
871,34496,-4.2595,0.0,15.69,8,0.0,1.0,0.034496,3800,
872,34624,-1.534,0.0,11.76,2,0.0,0.5,0.034624,3816,
873,34624,-3.8355,0.0,17.24,5,0.0,0.8,0.034624,3816,
874,34624,-2.034,0.0,16.67,2,0.5,0.5,0.034624,3816,
875,34688,-4.33,0.0,19.61,10,0.0,1.0,0.034688,3829,
876,34688,6.9619,1.0,14.29,7,0.0,1.0,0.034688,3829,
877,34816,-3.235,0.0,15.15,5,0.0,0.8,0.034816,3845,
878,34816,-4.0338,0.0,16.13,5,0.0,0.8,0.034816,3845,
879,34880,-3.2328,0.0,5.88,2,0.0,0.5,0.03488,3854,
880,34880,-1.8688,0.0,15.0,3,0.0,0.6667,0.03488,3854,
881,34944,11.5652,1.0,20.0,1,0.0,1.0,0.034944,3869,
882,34944,-4.1687,0.0,9.8,5,0.4,1.0,0.034944,3869,
883,34944,-4.1704,0.0,9.8,5,0.0,1.0,0.034944,3869,
884,34944,7.0984,1.0,12.5,6,0.0,1.0,0.034944,3869,
885,35072,-4.1999,0.0,11.76,6,0.0,1.0,0.035072,3888,
886,35072,-1.7,0.0,11.11,1,0.0,0.0,0.035072,3888,
887,35072,-5.0988,0.0,5.88,3,0.0,1.0,0.035072,3888,
888,35072,-3.5339,0.0,7.41,2,0.0,0.5,0.035072,3888,
889,35072,-4.1011,0.0,5.88,3,0.0,1.0,0.035072,3888,
890,35136,8.1959,1.0,16.22,6,0.1667,1.0,0.035136,3899,
891,35136,-4.3062,0.0,17.65,9,0.0,1.0,0.035136,3899,
892,35200,-4.102,0.0,12.5,4,0.0,0.75,0.0352,3905,
893,35200,9.4613,1.0,16.0,4,0.0,1.0,0.0352,3905,
894,35264,-5.2678,0.0,15.69,8,0.125,1.0,0.035264,3912,
895,35264,7.9645,1.0,17.95,7,0.0,1.0,0.035264,3912,
896,35328,-4.2003,0.0,9.3,4,0.0,0.75,0.035328,3923,
897,35392,-4.2404,0.0,13.73,7,0.0,1.0,0.035392,3933,
898,35392,-5.7355,0.0,10.42,5,0.2,0.8,0.035392,3933,
899,35392,-4.2018,0.0,11.76,6,0.0,1.0,0.035392,3933,
900,35392,-5.1019,0.0,9.52,4,0.0,0.75,0.035392,3933,
901,35456,-5.303,0.0,17.65,9,0.0,1.0,0.035456,3945,
902,35456,-3.8025,0.0,13.79,4,0.25,0.75,0.035456,3945,
903,35520,10.3589,1.0,25.0,4,0.25,1.0,0.03552,3956,
904,35520,-4.341,0.0,19.61,10,0.0,1.0,0.03552,3956,
905,35584,-5.6048,0.0,8.51,4,0.0,0.75,0.035584,3963,
906,35584,6.7261,1.0,22.0,11,0.0909,1.0,0.035584,3963,
907,35648,-5.2006,0.0,11.76,6,0.1667,1.0,0.035648,3973,
908,35648,-5.2044,0.0,11.76,6,0.0,1.0,0.035648,3973,
909,35712,-3.174,0.0,27.27,6,0.0,0.8333,0.035712,3985,
910,35712,-1.3,0.0,20.0,1,0.0,0.0,0.035712,3985,
911,35776,7.7603,1.0,17.07,7,0.1429,1.0,0.035776,3994,
912,35776,-4.2055,0.0,11.76,6,0.0,1.0,0.035776,3994,
913,35840,-3.4345,0.0,7.69,2,0.0,0.5,0.03584,4000,
914,35968,8.894,1.0,9.68,3,0.0,1.0,0.035968,4010,
915,35968,-4.2749,0.0,15.69,8,0.0,1.0,0.035968,4010,
916,36032,-2.2356,0.0,14.29,2,0.0,0.5,0.036032,4017,
917,36096,-5.1725,0.0,9.8,5,0.0,1.0,0.036096,4027,
918,36160,10.8286,1.0,16.67,2,0.0,1.0,0.03616,4040,
919,36160,-5.2771,0.0,15.69,8,0.0,1.0,0.03616,4040,
920,36288,-5.1731,0.0,9.8,5,0.0,1.0,0.036288,4065,
921,36288,-2.036,0.0,16.67,2,0.0,0.5,0.036288,4065,
922,36416,-2.9354,0.0,9.52,2,0.0,0.5,0.036416,4079,
923,36480,-4.3107,0.0,17.65,9,0.0,1.0,0.03648,4090,
924,36480,-5.1716,0.0,9.8,5,0.0,1.0,0.03648,4090,
925,36544,-1.1358,0.0,15.38,2,0.0,0.5,0.036544,4100,
926,36608,-5.2783,0.0,15.69,8,0.0,1.0,0.036608,4108,
927,36672,-5.2109,0.0,11.76,6,0.0,1.0,0.036672,4121,
928,36736,-5.106,0.0,9.52,4,0.0,0.75,0.036736,4127,
929,36736,-4.1405,0.0,7.84,4,0.0,1.0,0.036736,4127,
930,36800,-4.3185,0.0,17.65,9,0.0,1.0,0.0368,4133,
931,36864,-2.0724,0.0,13.64,3,0.0,0.6667,0.036864,4142,
932,36864,-4.1729,0.0,9.8,5,0.0,1.0,0.036864,4142,
933,36928,-2.9357,0.0,9.52,2,0.0,0.5,0.036928,4151,
934,36928,-5.0732,0.0,3.92,2,0.0,1.0,0.036928,4151,
935,36992,-4.3795,0.0,13.64,6,0.1667,0.8333,0.036992,4159,
936,36992,-4.2109,0.0,11.76,6,0.0,1.0,0.036992,4159,
937,37056,-5.5053,0.0,8.7,4,0.0,0.75,0.037056,4169,
938,37184,-5.2446,0.0,13.73,7,0.0,1.0,0.037184,4188,
939,37184,-3.5,0.0,3.7,1,0.0,0.0,0.037184,4188,
940,37184,-2.5732,0.0,17.65,3,0.0,0.6667,0.037184,4188,
941,37248,-5.3582,0.0,19.61,10,0.0,1.0,0.037248,4199,
942,37248,-5.6485,0.0,17.39,8,0.0,0.875,0.037248,4199,
943,37312,-4.2515,0.0,13.73,7,0.0,1.0,0.037312,4204,
944,37312,7.6371,1.0,24.39,10,0.0,1.0,0.037312,4204,
945,37312,-4.1785,0.0,9.8,5,0.0,1.0,0.037312,4204,
946,37376,10.7259,1.0,15.38,2,0.0,1.0,0.037376,4213,
947,37376,-5.2482,0.0,13.73,7,0.2857,1.0,0.037376,4213,
948,37440,-2.0,0.0,8.33,1,0.0,0.0,0.03744,4221,
949,37504,-4.4733,0.0,8.33,3,0.0,0.6667,0.037504,4231,
950,37504,-4.3188,0.0,17.65,9,0.1111,1.0,0.037504,4231,
951,37568,10.2254,1.0,11.11,2,0.0,1.0,0.037568,4238,
952,37568,7.9833,1.0,15.38,6,0.3333,1.0,0.037568,4238,
953,37760,7.3066,1.0,17.78,8,0.375,1.0,0.03776,4264,
954,37888,-2.4102,0.0,16.0,4,0.0,0.75,0.037888,4287,
955,37888,6.6333,1.0,19.61,10,0.1,1.0,0.037888,4287,
956,37888,9.3405,1.0,28.0,7,0.0,1.0,0.037888,4287,
957,37888,8.4518,1.0,11.43,4,0.0,1.0,0.037888,4287,
958,37888,-4.2146,0.0,11.76,6,0.1667,1.0,0.037888,4287,
959,37952,-5.2943,0.0,15.69,8,0.0,1.0,0.037952,4293,
960,38080,-4.1851,0.0,9.8,5,0.0,1.0,0.03808,4307,
961,38080,-5.3235,0.0,17.65,9,0.0,1.0,0.03808,4307,
962,38144,-3.0485,0.0,23.81,5,0.0,0.8,0.038144,4320,
963,38144,10.3622,1.0,5.88,1,0.0,1.0,0.038144,4320,
964,38144,-4.3992,0.0,21.57,11,0.0,1.0,0.038144,4320,
965,38144,-3.0121,0.0,12.9,4,0.0,0.75,0.038144,4320,
966,38144,-4.4203,0.0,20.59,7,0.0,0.8571,0.038144,4320,
967,38208,-5.4003,0.0,21.57,11,0.0,1.0,0.038208,4326,
968,38208,-5.2944,0.0,15.69,8,0.0,1.0,0.038208,4326,
969,38208,-4.2912,0.0,15.69,8,0.25,1.0,0.038208,4326,
970,38208,-4.2895,0.0,15.69,8,0.0,1.0,0.038208,4326,
971,38336,-5.1466,0.0,7.84,4,0.25,1.0,0.038336,4347,
972,38336,10.31,1.0,31.25,5,0.4,1.0,0.038336,4347,
973,38336,-5.2559,0.0,13.73,7,0.0,1.0,0.038336,4347,
974,38336,-4.2557,0.0,13.73,7,0.0,1.0,0.038336,4347,
975,38400,-5.2546,0.0,13.73,7,0.2857,1.0,0.0384,4351,
976,38464,-4.3998,0.0,21.57,11,0.0,1.0,0.038464,4354,
977,38528,-4.2229,0.0,11.76,6,0.0,1.0,0.038528,4365,
978,38528,-4.2612,0.0,13.73,7,0.1429,1.0,0.038528,4365,
979,38528,-4.9123,0.0,10.0,4,0.25,0.75,0.038528,4365,
980,38592,-4.2552,0.0,13.73,7,0.0,1.0,0.038592,4372,
981,38656,-2.5757,0.0,17.65,3,0.6667,0.6667,0.038656,4379,
982,38656,-5.3285,0.0,17.65,9,0.0,1.0,0.038656,4379,
983,38656,-4.2214,0.0,11.76,6,0.0,1.0,0.038656,4379,
984,38720,-2.738,0.0,10.53,2,0.0,0.5,0.03872,4388,
985,38784,10.6614,1.0,7.14,1,0.0,1.0,0.038784,4397,
986,38784,-4.4511,0.0,23.53,12,0.0,1.0,0.038784,4397,
987,38848,-4.6478,0.0,13.51,5,0.0,0.8,0.038848,4405,
988,38848,-5.1112,0.0,9.52,4,0.0,0.75,0.038848,4405,
989,38848,-5.1889,0.0,9.8,5,0.0,1.0,0.038848,4405,
990,38848,-3.2516,0.0,21.74,5,0.2,0.8,0.038848,4405,
991,38912,-5.1887,0.0,9.8,5,0.2,1.0,0.038912,4408,
992,38976,-5.2626,0.0,13.73,7,0.0,1.0,0.038976,4417,
993,38976,10.8612,1.0,8.33,1,0.0,1.0,0.038976,4417,
994,38976,-2.2,0.0,7.14,1,0.0,0.0,0.038976,4417,
995,38976,-2.138,0.0,8.7,2,0.0,0.5,0.038976,4417,
996,39040,-2.2385,0.0,14.29,2,0.0,0.5,0.03904,4428,
997,39040,-4.3367,0.0,17.65,9,0.0,1.0,0.03904,4428,
998,39040,-5.2579,0.0,13.73,7,0.1429,1.0,0.03904,4428,
999,39040,-2.6,0.0,5.56,1,0.0,0.0,0.03904,4428,
1000,39040,-1.8,0.0,10.0,1,0.0,0.0,0.03904,4428,
1001,39104,-4.1861,0.0,9.8,5,0.0,1.0,0.039104,4436,
1002,39232,8.809,1.0,16.13,5,0.0,1.0,0.039232,4455,
1003,39296,-5.2618,0.0,13.73,7,0.1429,1.0,0.039296,4465,
1004,39488,-5.5284,0.0,15.56,7,0.0,0.8571,0.039488,4490,
1005,39488,-3.0383,0.0,9.09,2,0.0,0.5,0.039488,4490,
1006,39552,-4.0166,0.0,12.9,4,0.5,0.75,0.039552,4496,
1007,39680,9.9217,1.0,9.52,2,0.5,1.0,0.03968,4512,
1008,39744,-4.3294,0.0,16.28,7,0.1429,0.8571,0.039744,4523,
1009,39744,-4.3073,0.0,15.69,8,0.0,1.0,0.039744,4523,
1010,39744,-2.0783,0.0,25.0,3,0.0,0.6667,0.039744,4523,
1011,39808,-4.6165,0.0,10.81,4,0.0,0.75,0.039808,4533,
1012,39808,8.7109,1.0,33.33,10,0.3,1.0,0.039808,4533,
1013,39872,-2.2,0.0,4.17,1,0.0,0.0,0.039872,4544,
1014,39936,-1.4183,0.0,26.67,4,0.0,0.75,0.039936,4558,
1015,40000,-5.2687,0.0,13.73,7,0.0,1.0,0.04,4565,
1016,40000,-5.3887,0.0,19.61,10,0.0,1.0,0.04,4565,
1017,40000,10.1022,1.0,27.78,5,0.2,1.0,0.04,4565,
1018,40000,8.5642,1.0,18.18,6,0.1667,1.0,0.04,4565,
1019,40128,-4.3846,0.0,19.61,10,0.0,1.0,0.040128,4575,
1020,40128,-5.2309,0.0,11.76,6,0.0,1.0,0.040128,4575,
1021,40192,-5.1167,0.0,5.88,3,0.0,1.0,0.040192,4581,
1022,40192,-5.2326,0.0,11.76,6,0.1667,1.0,0.040192,4581,
1023,40256,-2.5392,0.0,7.41,2,0.0,0.5,0.040256,4592,
1024,40256,9.5196,1.0,8.0,2,0.0,1.0,0.040256,4592,
1025,40256,-4.0774,0.0,9.38,3,0.0,0.6667,0.040256,4592,
1026,40256,-5.2271,0.0,11.76,6,0.0,1.0,0.040256,4592,
1027,40320,-3.379,0.0,12.0,3,0.0,0.6667,0.04032,4600,
1028,40320,-4.2778,0.0,8.82,3,0.0,0.6667,0.04032,4600,
1029,40384,8.9605,1.0,20.69,6,0.0,1.0,0.040384,4611,
1030,40448,-5.1564,0.0,7.84,4,0.0,1.0,0.040448,4619,
1031,40448,-5.3488,0.0,17.65,9,0.0,1.0,0.040448,4619,
1032,40448,-5.0721,0.0,16.0,8,0.125,0.875,0.040448,4619,
1033,40448,-5.079,0.0,3.92,2,0.0,1.0,0.040448,4619,
1034,40512,-3.2594,0.0,21.74,5,0.0,0.8,0.040512,4629,
1035,40512,9.3008,1.0,19.23,5,0.0,1.0,0.040512,4629,
1036,40576,-5.1533,0.0,7.84,4,0.0,1.0,0.040576,4640,
1037,40576,-4.3143,0.0,15.69,8,0.0,1.0,0.040576,4640,
1038,40640,-5.2687,0.0,13.73,7,0.1429,1.0,0.04064,4648,
1039,40832,11.4184,1.0,33.33,2,0.5,1.0,0.040832,4671,
1040,40832,-4.0396,0.0,6.25,2,0.0,0.5,0.040832,4671,
1041,40896,-5.3503,0.0,23.81,10,0.0,0.9,0.040896,4677,
1042,40896,-2.6392,0.0,7.14,2,0.0,0.5,0.040896,4677,
1043,40960,8.9384,1.0,13.33,4,0.0,1.0,0.04096,4688,
1044,40960,-2.1405,0.0,15.38,2,0.0,0.5,0.04096,4688,
1045,40960,10.6383,1.0,30.77,4,0.25,1.0,0.04096,4688,
1046,41024,-4.4347,0.0,21.57,11,0.0,1.0,0.041024,4695,
1047,41088,-3.821,0.0,13.79,4,0.25,0.75,0.041088,4704,
1048,41152,-4.2774,0.0,13.73,7,0.0,1.0,0.041152,4709,
1049,41216,-5.1199,0.0,5.88,3,0.0,1.0,0.041216,4717,
1050,41280,-2.1812,0.0,23.08,3,0.0,0.6667,0.04128,4727,
1051,41344,-4.6197,0.0,10.81,4,0.0,0.75,0.041344,4735,
1052,41408,-2.4411,0.0,12.5,2,0.0,0.5,0.041408,4747,
1053,41408,-4.3193,0.0,15.69,8,0.125,1.0,0.041408,4747,
1054,41408,-4.1606,0.0,7.84,4,0.0,1.0,0.041408,4747,
1055,41408,-5.2792,0.0,13.73,7,0.0,1.0,0.041408,4747,
1056,41472,-2.8404,0.0,10.0,2,0.0,0.5,0.041472,4757,
1057,41472,-5.1374,0.0,13.73,7,0.0,0.8571,0.041472,4757,
1058,41472,-3.9801,0.0,9.68,3,0.0,0.6667,0.041472,4757,
1059,41536,-3.6217,0.0,14.81,4,0.0,0.75,0.041536,4768,
1060,41600,-2.6,0.0,5.56,1,0.0,0.0,0.0416,4781,
1061,41600,7.5995,1.0,11.63,5,0.0,1.0,0.0416,4781,
1062,41600,-5.0814,0.0,3.92,2,0.0,1.0,0.0416,4781,
1063,41600,-5.2001,0.0,9.8,5,0.4,1.0,0.0416,4781,
1064,41728,-5.4617,0.0,11.11,5,0.0,0.8,0.041728,4791,
1065,41728,-5.2418,0.0,11.76,6,0.0,1.0,0.041728,4791,
1066,41728,-5.8418,0.0,14.58,7,0.0,0.8571,0.041728,4791,
1067,41792,-5.2833,0.0,13.73,7,0.0,1.0,0.041792,4800,
1068,41856,8.878,1.0,9.68,3,0.0,1.0,0.041856,4809,
1069,41856,-5.2807,0.0,13.73,7,0.0,1.0,0.041856,4809,
