episode,global_step,ep_return,success,guided_pct,queries_per_ep,agreement_rate,cum_queries,first_unguided_success
1,400,-5.0,0.0,0.0,0,,0,
2,400,-4.0,0.0,0.0,0,,0,
3,400,-4.0,0.0,0.0,0,,0,
4,400,-4.0,0.0,0.0,0,,0,
5,400,-5.0,0.0,0.0,0,,0,
6,400,-4.0,0.0,0.0,0,,0,
7,400,-5.0,0.0,0.0,0,,0,
8,400,-4.0,0.0,0.0,0,,0,
9,808,-5.0,0.0,0.0,0,,0,
10,808,-4.0,0.0,0.0,0,,0,
11,808,-5.0,0.0,0.0,0,,0,
12,808,-5.0,0.0,0.0,0,,0,
13,808,-4.0,0.0,0.0,0,,0,
14,808,-5.0,0.0,0.0,0,,0,
15,808,-4.0,0.0,0.0,0,,0,
16,808,-4.0,0.0,0.0,0,,0,
17,1216,-5.0,0.0,0.0,0,,0,
18,1216,-5.0,0.0,0.0,0,,0,
19,1216,-5.0,0.0,0.0,0,,0,
20,1216,-5.0,0.0,0.0,0,,0,
21,1216,-5.0,0.0,0.0,0,,0,
22,1216,-4.0,0.0,0.0,0,,0,
23,1216,-5.0,0.0,0.0,0,,0,
24,1216,-5.0,0.0,0.0,0,,0,
25,1624,-4.0,0.0,0.0,0,,0,
26,1624,-5.0,0.0,0.0,0,,0,
27,1624,-5.0,0.0,0.0,0,,0,
28,1624,-4.0,0.0,0.0,0,,0,
29,1624,-4.0,0.0,0.0,0,,0,
30,1624,-4.0,0.0,0.0,0,,0,
31,1624,-5.0,0.0,0.0,0,,0,
32,1624,-5.0,0.0,0.0,0,,0,
33,2032,-5.0,0.0,0.0,0,,0,
34,2032,-5.0,0.0,0.0,0,,0,
35,2032,-5.0,0.0,0.0,0,,0,
36,2032,-4.0,0.0,0.0,0,,0,
37,2032,-4.0,0.0,0.0,0,,0,
38,2032,-5.0,0.0,0.0,0,,0,
39,2032,-4.0,0.0,0.0,0,,0,
40,2032,-5.0,0.0,0.0,0,,0,
41,2128,10.9,1.0,0.0,0,,0,41
42,2440,-5.0,0.0,0.0,0,,0,
43,2440,-4.0,0.0,0.0,0,,0,
44,2440,-5.0,0.0,0.0,0,,0,
45,2440,-5.0,0.0,0.0,0,,0,
46,2440,-5.0,0.0,0.0,0,,0,
47,2440,-5.0,0.0,0.0,0,,0,
48,2440,-5.0,0.0,0.0,0,,0,
49,2536,-5.0,0.0,0.0,0,,0,
50,2848,-4.0,0.0,0.0,0,,0,
51,2848,-5.0,0.0,0.0,0,,0,
52,2848,-4.0,0.0,0.0,0,,0,
53,2848,-5.0,0.0,0.0,0,,0,
54,2848,-5.0,0.0,0.0,0,,0,
55,2848,-5.0,0.0,0.0,0,,0,
56,2848,-5.0,0.0,0.0,0,,0,
57,2944,-5.0,0.0,0.0,0,,0,
58,3256,-5.0,0.0,0.0,0,,0,
59,3256,-5.0,0.0,0.0,0,,0,
60,3256,-5.0,0.0,0.0,0,,0,
61,3256,-5.0,0.0,0.0,0,,0,
62,3256,-5.0,0.0,0.0,0,,0,
63,3256,-5.0,0.0,0.0,0,,0,
64,3256,-5.0,0.0,0.0,0,,0,
65,3352,-5.0,0.0,0.0,0,,0,
66,3664,-5.0,0.0,0.0,0,,0,
67,3664,-4.0,0.0,0.0,0,,0,
68,3664,-5.0,0.0,0.0,0,,0,
69,3664,-5.0,0.0,0.0,0,,0,
70,3664,-5.0,0.0,0.0,0,,0,
71,3664,-5.0,0.0,0.0,0,,0,
72,3664,-5.0,0.0,0.0,0,,0,
73,3760,-5.0,0.0,0.0,0,,0,
74,4072,-5.0,0.0,0.0,0,,0,
75,4072,-5.0,0.0,0.0,0,,0,
76,4072,-5.0,0.0,0.0,0,,0,
77,4072,-5.0,0.0,0.0,0,,0,
78,4072,-5.0,0.0,0.0,0,,0,
79,4072,-5.0,0.0,0.0,0,,0,
80,4072,-5.0,0.0,0.0,0,,0,
81,4168,-5.0,0.0,0.0,0,,0,
82,4480,-5.0,0.0,0.0,0,,0,
83,4480,-5.0,0.0,0.0,0,,0,
84,4480,-5.0,0.0,0.0,0,,0,
85,4480,-5.0,0.0,0.0,0,,0,
86,4480,-5.0,0.0,0.0,0,,0,
87,4480,-5.0,0.0,0.0,0,,0,
88,4480,-5.0,0.0,0.0,0,,0,
89,4576,-4.0,0.0,0.0,0,,0,
90,4888,-5.0,0.0,0.0,0,,0,
91,4888,-4.0,0.0,0.0,0,,0,
92,4888,-5.0,0.0,0.0,0,,0,
93,4888,-5.0,0.0,0.0,0,,0,
94,4888,-5.0,0.0,0.0,0,,0,
95,4888,-5.0,0.0,0.0,0,,0,
96,4888,-5.0,0.0,0.0,0,,0,
97,4984,-4.0,0.0,0.0,0,,0,
98,5296,-5.0,0.0,0.0,0,,0,
99,5296,-5.0,0.0,0.0,0,,0,
100,5296,-4.0,0.0,0.0,0,,0,
101,5296,-4.0,0.0,0.0,0,,0,
102,5296,-5.0,0.0,0.0,0,,0,
103,5296,-5.0,0.0,0.0,0,,0,
104,5296,-5.0,0.0,0.0,0,,0,
105,5392,-5.0,0.0,0.0,0,,0,
106,5672,7.4,1.0,0.0,0,,0,
107,5704,-5.0,0.0,0.0,0,,0,
108,5704,-5.0,0.0,0.0,0,,0,
109,5704,-5.0,0.0,0.0,0,,0,
110,5704,-5.0,0.0,0.0,0,,0,
111,5704,-4.0,0.0,0.0,0,,0,
112,5704,-5.0,0.0,0.0,0,,0,
113,5800,-5.0,0.0,0.0,0,,0,
114,6080,-4.0,0.0,0.0,0,,0,
115,6112,-4.0,0.0,0.0,0,,0,
116,6112,-5.0,0.0,0.0,0,,0,
117,6112,-5.0,0.0,0.0,0,,0,
118,6112,-5.0,0.0,0.0,0,,0,
119,6112,-5.0,0.0,0.0,0,,0,
120,6112,-4.0,0.0,0.0,0,,0,
121,6208,-5.0,0.0,0.0,0,,0,
122,6488,-4.0,0.0,0.0,0,,0,
123,6520,-5.0,0.0,0.0,0,,0,
124,6520,-5.0,0.0,0.0,0,,0,
125,6520,-5.0,0.0,0.0,0,,0,
126,6520,-5.0,0.0,0.0,0,,0,
127,6520,-5.0,0.0,0.0,0,,0,
128,6520,-5.0,0.0,0.0,0,,0,
129,6616,-4.0,0.0,0.0,0,,0,
130,6896,-5.0,0.0,0.0,0,,0,
131,6928,-5.0,0.0,0.0,0,,0,
132,6928,-5.0,0.0,0.0,0,,0,
133,6928,-4.0,0.0,0.0,0,,0,
134,6928,-4.0,0.0,0.0,0,,0,
135,6928,-5.0,0.0,0.0,0,,0,
136,6928,-5.0,0.0,0.0,0,,0,
137,7024,-4.0,0.0,0.0,0,,0,
138,7304,-5.0,0.0,0.0,0,,0,
139,7336,-5.0,0.0,0.0,0,,0,
140,7336,-5.0,0.0,0.0,0,,0,
141,7336,-5.0,0.0,0.0,0,,0,
142,7336,-5.0,0.0,0.0,0,,0,
143,7336,-5.0,0.0,0.0,0,,0,
144,7336,-5.0,0.0,0.0,0,,0,
145,7432,-5.0,0.0,0.0,0,,0,
146,7712,-5.0,0.0,0.0,0,,0,
147,7744,-5.0,0.0,0.0,0,,0,
148,7744,-5.0,0.0,0.0,0,,0,
149,7744,-5.0,0.0,0.0,0,,0,
150,7744,-5.0,0.0,0.0,0,,0,
151,7744,-4.0,0.0,0.0,0,,0,
152,7744,-5.0,0.0,0.0,0,,0,
153,7840,-5.0,0.0,0.0,0,,0,
154,7928,9.8,1.0,0.0,0,,0,
155,8120,7.4,1.0,0.0,0,,0,
156,8120,-5.0,0.0,0.0,0,,0,
157,8152,-5.0,0.0,0.0,0,,0,
158,8152,-5.0,0.0,0.0,0,,0,
159,8152,-5.0,0.0,0.0,0,,0,
160,8152,-4.0,0.0,0.0,0,,0,
161,8248,-4.0,0.0,0.0,0,,0,
162,8336,-4.0,0.0,0.0,0,,0,
163,8480,8.0,1.0,0.0,0,,0,
164,8528,-5.0,0.0,0.0,0,,0,
165,8528,-5.0,0.0,0.0,0,,0,
166,8560,-4.0,0.0,0.0,0,,0,
167,8560,-4.0,0.0,0.0,0,,0,
168,8560,-5.0,0.0,0.0,0,,0,
169,8656,-5.0,0.0,0.0,0,,0,
170,8744,-5.0,0.0,0.0,0,,0,
171,8888,-5.0,0.0,0.0,0,,0,
172,8936,-5.0,0.0,0.0,0,,0,
173,8936,-5.0,0.0,0.0,0,,0,
174,8968,-5.0,0.0,0.0,0,,0,
175,8968,-5.0,0.0,0.0,0,,0,
176,8968,-4.0,0.0,0.0,0,,0,
177,9064,-5.0,0.0,0.0,0,,0,
178,9152,-5.0,0.0,0.0,0,,0,
179,9296,-5.0,0.0,0.0,0,,0,
180,9344,-4.0,0.0,0.0,0,,0,
181,9344,-5.0,0.0,0.0,0,,0,
182,9376,-5.0,0.0,0.0,0,,0,
183,9376,-5.0,0.0,0.0,0,,0,
184,9376,-5.0,0.0,0.0,0,,0,
185,9472,-5.0,0.0,0.0,0,,0,
186,9560,-4.0,0.0,0.0,0,,0,
187,9704,-4.0,0.0,0.0,0,,0,
188,9752,-5.0,0.0,0.0,0,,0,
189,9752,-5.0,0.0,0.0,0,,0,
190,9784,-5.0,0.0,0.0,0,,0,
191,9784,-5.0,0.0,0.0,0,,0,
192,9784,-5.0,0.0,0.0,0,,0,
193,9880,-5.0,0.0,0.0,0,,0,
194,9968,-5.0,0.0,0.0,0,,0,
195,10112,-5.0,0.0,0.0,0,,0,
196,10160,-5.0,0.0,0.0,0,,0,
197,10160,-4.0,0.0,0.0,0,,0,
198,10192,-5.0,0.0,0.0,0,,0,
199,10192,-4.0,0.0,0.0,0,,0,
200,10192,-5.0,0.0,0.0,0,,0,
201,10232,11.6,1.0,0.0,0,,0,
202,10288,-5.0,0.0,0.0,0,,0,
203,10376,-4.0,0.0,0.0,0,,0,
204,10520,-5.0,0.0,0.0,0,,0,
205,10568,-4.0,0.0,0.0,0,,0,
206,10568,-5.0,0.0,0.0,0,,0,
207,10600,-4.0,0.0,0.0,0,,0,
208,10600,-5.0,0.0,0.0,0,,0,
209,10640,-4.0,0.0,0.0,0,,0,
210,10656,8.6,1.0,0.0,0,,0,
211,10696,-5.0,0.0,0.0,0,,0,
212,10928,-4.0,0.0,0.0,0,,0,
213,10976,-4.0,0.0,0.0,0,,0,
214,10976,-4.0,0.0,0.0,0,,0,
215,11008,-5.0,0.0,0.0,0,,0,
216,11008,-5.0,0.0,0.0,0,,0,
217,11048,-5.0,0.0,0.0,0,,0,
218,11064,-5.0,0.0,0.0,0,,0,
219,11104,-4.0,0.0,0.0,0,,0,
220,11336,-5.0,0.0,0.0,0,,0,
221,11384,-5.0,0.0,0.0,0,,0,
222,11384,-4.0,0.0,0.0,0,,0,
223,11416,-5.0,0.0,0.0,0,,0,
224,11416,-5.0,0.0,0.0,0,,0,
225,11456,-4.0,0.0,0.0,0,,0,
226,11472,-5.0,0.0,0.0,0,,0,
227,11512,-5.0,0.0,0.0,0,,0,
228,11744,-5.0,0.0,0.0,0,,0,
229,11792,-5.0,0.0,0.0,0,,0,
230,11792,-4.0,0.0,0.0,0,,0,
231,11824,-5.0,0.0,0.0,0,,0,
232,11824,-5.0,0.0,0.0,0,,0,
233,11864,-5.0,0.0,0.0,0,,0,
234,11880,-5.0,0.0,0.0,0,,0,
235,11920,-5.0,0.0,0.0,0,,0,
236,12152,-5.0,0.0,0.0,0,,0,
237,12200,-5.0,0.0,0.0,0,,0,
238,12200,-5.0,0.0,0.0,0,,0,
239,12232,-5.0,0.0,0.0,0,,0,
240,12232,-5.0,0.0,0.0,0,,0,
241,12272,-5.0,0.0,0.0,0,,0,
242,12288,-5.0,0.0,0.0,0,,0,
243,12328,-5.0,0.0,0.0,0,,0,
244,12560,-4.0,0.0,0.0,0,,0,
245,12608,-5.0,0.0,0.0,0,,0,
246,12608,-5.0,0.0,0.0,0,,0,
247,12640,-4.0,0.0,0.0,0,,0,
248,12640,-5.0,0.0,0.0,0,,0,
249,12680,-5.0,0.0,0.0,0,,0,
250,12696,-5.0,0.0,0.0,0,,0,
251,12736,-5.0,0.0,0.0,0,,0,
252,12968,-5.0,0.0,0.0,0,,0,
253,13016,-4.0,0.0,0.0,0,,0,
254,13016,-5.0,0.0,0.0,0,,0,
255,13048,-5.0,0.0,0.0,0,,0,
256,13048,-5.0,0.0,0.0,0,,0,
257,13088,-5.0,0.0,0.0,0,,0,
258,13104,-5.0,0.0,0.0,0,,0,
259,13144,-4.0,0.0,0.0,0,,0,
260,13256,9.1,1.0,0.0,0,,0,
261,13360,9.4,1.0,0.0,0,,0,
262,13376,-5.0,0.0,0.0,0,,0,
263,13424,-5.0,0.0,0.0,0,,0,
264,13456,-5.0,0.0,0.0,0,,0,
265,13456,-5.0,0.0,0.0,0,,0,
266,13496,-4.0,0.0,0.0,0,,0,
267,13512,-5.0,0.0,0.0,0,,0,
268,13664,-4.0,0.0,0.0,0,,0,
269,13768,-5.0,0.0,0.0,0,,0,
270,13784,-4.0,0.0,0.0,0,,0,
271,13832,-4.0,0.0,0.0,0,,0,
272,13864,-5.0,0.0,0.0,0,,0,
273,13864,-5.0,0.0,0.0,0,,0,
274,13904,-5.0,0.0,0.0,0,,0,
275,13920,-5.0,0.0,0.0,0,,0,
276,14000,7.9,1.0,0.0,0,,0,
277,14176,-5.0,0.0,0.0,0,,0,
278,14192,-4.0,0.0,0.0,0,,0,
279,14240,-5.0,0.0,0.0,0,,0,
280,14272,-5.0,0.0,0.0,0,,0,
281,14272,-5.0,0.0,0.0,0,,0,
282,14312,-5.0,0.0,0.0,0,,0,
283,14328,-5.0,0.0,0.0,0,,0,
284,14408,-5.0,0.0,0.0,0,,0,
285,14584,-5.0,0.0,0.0,0,,0,
286,14600,-5.0,0.0,0.0,0,,0,
287,14648,-5.0,0.0,0.0,0,,0,
288,14680,-5.0,0.0,0.0,0,,0,
289,14680,-4.0,0.0,0.0,0,,0,
290,14720,-5.0,0.0,0.0,0,,0,
291,14736,-4.0,0.0,0.0,0,,0,
292,14816,-4.0,0.0,0.0,0,,0,
293,14992,-5.0,0.0,0.0,0,,0,
294,15008,-5.0,0.0,0.0,0,,0,
295,15024,7.4,1.0,0.0,0,,0,
296,15088,-5.0,0.0,0.0,0,,0,
297,15088,-5.0,0.0,0.0,0,,0,
298,15128,-4.0,0.0,0.0,0,,0,
299,15144,-5.0,0.0,0.0,0,,0,
300,15224,-5.0,0.0,0.0,0,,0,
301,15400,-5.0,0.0,0.0,0,,0,
302,15416,-5.0,0.0,0.0,0,,0,
303,15432,-4.0,0.0,0.0,0,,0,
304,15496,-5.0,0.0,0.0,0,,0,
305,15496,-4.0,0.0,0.0,0,,0,
306,15536,-5.0,0.0,0.0,0,,0,
307,15552,-5.0,0.0,0.0,0,,0,
308,15632,-5.0,0.0,0.0,0,,0,
309,15808,-4.0,0.0,0.0,0,,0,
310,15824,-5.0,0.0,0.0,0,,0,
311,15840,-4.0,0.0,0.0,0,,0,
312,15904,-4.0,0.0,0.0,0,,0,
313,15904,-5.0,0.0,0.0,0,,0,
314,15944,-5.0,0.0,0.0,0,,0,
315,15960,-5.0,0.0,0.0,0,,0,
316,15992,11.5,1.0,0.0,0,,0,
317,16040,-4.0,0.0,0.0,0,,0,
318,16216,-4.0,0.0,0.0,0,,0,
319,16232,-5.0,0.0,0.0,0,,0,
320,16248,-5.0,0.0,0.0,0,,0,
321,16312,-5.0,0.0,0.0,0,,0,
322,16312,-5.0,0.0,0.0,0,,0,
323,16368,-4.0,0.0,0.0,0,,0,
324,16400,-5.0,0.0,0.0,0,,0,
325,16448,-5.0,0.0,0.0,0,,0,
326,16624,-5.0,0.0,0.0,0,,0,
327,16640,-5.0,0.0,0.0,0,,0,
328,16656,-5.0,0.0,0.0,0,,0,
329,16720,-5.0,0.0,0.0,0,,0,
330,16720,-5.0,0.0,0.0,0,,0,
331,16776,-4.0,0.0,0.0,0,,0,
332,16808,-5.0,0.0,0.0,0,,0,
333,16856,-4.0,0.0,0.0,0,,0,
334,17032,-5.0,0.0,0.0,0,,0,
335,17048,-5.0,0.0,0.0,0,,0,
336,17064,-5.0,0.0,0.0,0,,0,
337,17128,-4.0,0.0,0.0,0,,0,
338,17128,-5.0,0.0,0.0,0,,0,
339,17184,-5.0,0.0,0.0,0,,0,
340,17216,-5.0,0.0,0.0,0,,0,
341,17264,-4.0,0.0,0.0,0,,0,
342,17440,-5.0,0.0,0.0,0,,0,
343,17456,-4.0,0.0,0.0,0,,0,
344,17472,-4.0,0.0,0.0,0,,0,
345,17536,-5.0,0.0,0.0,0,,0,
346,17536,-5.0,0.0,0.0,0,,0,
347,17592,-5.0,0.0,0.0,0,,0,
348,17624,-4.0,0.0,0.0,0,,0,
349,17672,-5.0,0.0,0.0,0,,0,
350,17848,-5.0,0.0,0.0,0,,0,
351,17864,-4.0,0.0,0.0,0,,0,
352,17880,-5.0,0.0,0.0,0,,0,
353,17944,-5.0,0.0,0.0,0,,0,
354,17944,-5.0,0.0,0.0,0,,0,
355,18000,-5.0,0.0,0.0,0,,0,
356,18032,-5.0,0.0,0.0,0,,0,
357,18080,-5.0,0.0,0.0,0,,0,
358,18256,-5.0,0.0,0.0,0,,0,
359,18272,-5.0,0.0,0.0,0,,0,
360,18288,-5.0,0.0,0.0,0,,0,
361,18352,-5.0,0.0,0.0,0,,0,
362,18352,-5.0,0.0,0.0,0,,0,
363,18408,-5.0,0.0,0.0,0,,0,
364,18440,-4.0,0.0,0.0,0,,0,
365,18488,-4.0,0.0,0.0,0,,0,
366,18664,-5.0,0.0,0.0,0,,0,
367,18680,-5.0,0.0,0.0,0,,0,
368,18696,-5.0,0.0,0.0,0,,0,
369,18760,-5.0,0.0,0.0,0,,0,
370,18760,-5.0,0.0,0.0,0,,0,
371,18816,-5.0,0.0,0.0,0,,0,
372,18848,-5.0,0.0,0.0,0,,0,
373,18896,-4.0,0.0,0.0,0,,0,
374,19072,-4.0,0.0,0.0,0,,0,
375,19088,-5.0,0.0,0.0,0,,0,
376,19104,-5.0,0.0,0.0,0,,0,
377,19168,-5.0,0.0,0.0,0,,0,
378,19168,-4.0,0.0,0.0,0,,0,
379,19224,-5.0,0.0,0.0,0,,0,
380,19256,-5.0,0.0,0.0,0,,0,
381,19304,-4.0,0.0,0.0,0,,0,
382,19480,-5.0,0.0,0.0,0,,0,
383,19496,-5.0,0.0,0.0,0,,0,
384,19512,-5.0,0.0,0.0,0,,0,
385,19576,-5.0,0.0,0.0,0,,0,
386,19576,-5.0,0.0,0.0,0,,0,
387,19632,-4.0,0.0,0.0,0,,0,
388,19664,-5.0,0.0,0.0,0,,0,
389,19712,-5.0,0.0,0.0,0,,0,
390,19888,-4.0,0.0,0.0,0,,0,
391,19904,-5.0,0.0,0.0,0,,0,
392,19920,-5.0,0.0,0.0,0,,0,
393,19984,-4.0,0.0,0.0,0,,0,
394,19984,-5.0,0.0,0.0,0,,0,
395,20040,-5.0,0.0,0.0,0,,0,
396,20072,-5.0,0.0,0.0,0,,0,
397,20120,-5.0,0.0,0.0,0,,0,
398,20296,-4.0,0.0,0.0,0,,0,
399,20312,-5.0,0.0,0.0,0,,0,
400,20328,-5.0,0.0,0.0,0,,0,
401,20392,-5.0,0.0,0.0,0,,0,
402,20392,-5.0,0.0,0.0,0,,0,
403,20448,-5.0,0.0,0.0,0,,0,
404,20480,-5.0,0.0,0.0,0,,0,
405,20528,-5.0,0.0,0.0,0,,0,
406,20704,-5.0,0.0,0.0,0,,0,
407,20720,-5.0,0.0,0.0,0,,0,
408,20736,-5.0,0.0,0.0,0,,0,
409,20800,-5.0,0.0,0.0,0,,0,
410,20800,-5.0,0.0,0.0,0,,0,
411,20856,-5.0,0.0,0.0,0,,0,
412,20888,-5.0,0.0,0.0,0,,0,
413,20936,-5.0,0.0,0.0,0,,0,
414,20952,9.4,1.0,0.0,0,,0,
415,21112,-5.0,0.0,0.0,0,,0,
416,21128,-4.0,0.0,0.0,0,,0,
417,21208,-4.0,0.0,0.0,0,,0,
418,21208,-5.0,0.0,0.0,0,,0,
419,21264,-4.0,0.0,0.0,0,,0,
420,21296,-4.0,0.0,0.0,0,,0,
421,21344,-5.0,0.0,0.0,0,,0,
422,21360,-5.0,0.0,0.0,0,,0,
423,21520,-5.0,0.0,0.0,0,,0,
424,21536,-5.0,0.0,0.0,0,,0,
425,21616,-5.0,0.0,0.0,0,,0,
426,21616,-4.0,0.0,0.0,0,,0,
427,21672,-5.0,0.0,0.0,0,,0,
428,21704,-5.0,0.0,0.0,0,,0,
429,21752,-5.0,0.0,0.0,0,,0,
430,21768,-5.0,0.0,0.0,0,,0,
431,21928,-5.0,0.0,0.0,0,,0,
432,21944,-5.0,0.0,0.0,0,,0,
433,22024,-5.0,0.0,0.0,0,,0,
434,22024,-4.0,0.0,0.0,0,,0,
435,22080,-5.0,0.0,0.0,0,,0,
436,22112,-5.0,0.0,0.0,0,,0,
437,22160,-5.0,0.0,0.0,0,,0,
438,22176,-4.0,0.0,0.0,0,,0,
439,22336,-5.0,0.0,0.0,0,,0,
440,22352,-4.0,0.0,0.0,0,,0,
441,22432,-5.0,0.0,0.0,0,,0,
442,22432,-5.0,0.0,0.0,0,,0,
443,22488,-5.0,0.0,0.0,0,,0,
444,22520,-5.0,0.0,0.0,0,,0,
445,22568,-5.0,0.0,0.0,0,,0,
446,22584,-5.0,0.0,0.0,0,,0,
447,22744,-5.0,0.0,0.0,0,,0,
448,22760,-4.0,0.0,0.0,0,,0,
449,22840,-5.0,0.0,0.0,0,,0,
450,22840,-4.0,0.0,0.0,0,,0,
451,22896,-4.0,0.0,0.0,0,,0,
452,22928,-5.0,0.0,0.0,0,,0,
453,22976,-5.0,0.0,0.0,0,,0,
454,22992,-5.0,0.0,0.0,0,,0,
455,23152,-4.0,0.0,0.0,0,,0,
456,23168,-4.0,0.0,0.0,0,,0,
457,23248,-5.0,0.0,0.0,0,,0,
458,23248,-4.0,0.0,0.0,0,,0,
459,23304,-5.0,0.0,0.0,0,,0,
460,23336,-4.0,0.0,0.0,0,,0,
461,23384,-5.0,0.0,0.0,0,,0,
462,23400,-5.0,0.0,0.0,0,,0,
463,23560,-4.0,0.0,0.0,0,,0,
464,23576,-4.0,0.0,0.0,0,,0,
465,23656,-4.0,0.0,0.0,0,,0,
466,23656,-5.0,0.0,0.0,0,,0,
467,23712,-4.0,0.0,0.0,0,,0,
468,23744,-5.0,0.0,0.0,0,,0,
469,23792,-5.0,0.0,0.0,0,,0,
470,23808,-5.0,0.0,0.0,0,,0,
471,23968,-5.0,0.0,0.0,0,,0,
472,23984,-4.0,0.0,0.0,0,,0,
473,24064,-5.0,0.0,0.0,0,,0,
474,24064,-5.0,0.0,0.0,0,,0,
475,24120,-5.0,0.0,0.0,0,,0,
476,24152,-5.0,0.0,0.0,0,,0,
477,24200,-5.0,0.0,0.0,0,,0,
478,24216,-4.0,0.0,0.0,0,,0,
479,24376,-5.0,0.0,0.0,0,,0,
480,24392,-4.0,0.0,0.0,0,,0,
481,24472,-5.0,0.0,0.0,0,,0,
482,24472,-4.0,0.0,0.0,0,,0,
483,24528,-5.0,0.0,0.0,0,,0,
484,24560,-5.0,0.0,0.0,0,,0,
485,24608,-5.0,0.0,0.0,0,,0,
486,24624,-5.0,0.0,0.0,0,,0,
487,24784,-4.0,0.0,0.0,0,,0,
488,24800,-5.0,0.0,0.0,0,,0,
489,24880,-5.0,0.0,0.0,0,,0,
490,24880,-4.0,0.0,0.0,0,,0,
491,24936,-5.0,0.0,0.0,0,,0,
492,24968,-4.0,0.0,0.0,0,,0,
493,25016,-5.0,0.0,0.0,0,,0,
494,25032,-4.0,0.0,0.0,0,,0,
495,25192,-4.0,0.0,0.0,0,,0,
496,25192,8.2,1.0,0.0,0,,0,
497,25208,-4.0,0.0,0.0,0,,0,
498,25288,-4.0,0.0,0.0,0,,0,
499,25320,8.3,1.0,0.0,0,,0,
500,25344,-4.0,0.0,0.0,0,,0,
501,25376,-5.0,0.0,0.0,0,,0,
502,25440,-4.0,0.0,0.0,0,,0,
503,25600,-5.0,0.0,0.0,0,,0,
504,25600,-5.0,0.0,0.0,0,,0,
505,25616,-4.0,0.0,0.0,0,,0,
506,25696,-4.0,0.0,0.0,0,,0,
507,25728,-5.0,0.0,0.0,0,,0,
508,25752,-4.0,0.0,0.0,0,,0,
509,25784,-5.0,0.0,0.0,0,,0,
510,25848,-5.0,0.0,0.0,0,,0,
511,26008,-4.0,0.0,0.0,0,,0,
512,26008,-5.0,0.0,0.0,0,,0,
513,26024,-5.0,0.0,0.0,0,,0,
514,26104,-5.0,0.0,0.0,0,,0,
515,26136,-5.0,0.0,0.0,0,,0,
516,26160,-5.0,0.0,0.0,0,,0,
517,26192,-5.0,0.0,0.0,0,,0,
518,26256,-5.0,0.0,0.0,0,,0,
519,26416,-5.0,0.0,0.0,0,,0,
520,26416,-5.0,0.0,0.0,0,,0,
521,26432,-5.0,0.0,0.0,0,,0,
522,26512,-5.0,0.0,0.0,0,,0,
523,26544,-5.0,0.0,0.0,0,,0,
524,26568,-5.0,0.0,0.0,0,,0,
525,26592,9.9,1.0,0.0,0,,0,
526,26600,-5.0,0.0,0.0,0,,0,
527,26664,-5.0,0.0,0.0,0,,0,
528,26824,-4.0,0.0,0.0,0,,0,
529,26840,-5.0,0.0,0.0,0,,0,
530,26920,-5.0,0.0,0.0,0,,0,
531,26952,-5.0,0.0,0.0,0,,0,
532,26976,-5.0,0.0,0.0,0,,0,
533,27000,-5.0,0.0,0.0,0,,0,
534,27008,-4.0,0.0,0.0,0,,0,
535,27072,-5.0,0.0,0.0,0,,0,
536,27232,-4.0,0.0,0.0,0,,0,
537,27248,-5.0,0.0,0.0,0,,0,
538,27328,-5.0,0.0,0.0,0,,0,
539,27360,-5.0,0.0,0.0,0,,0,
540,27384,-5.0,0.0,0.0,0,,0,
541,27408,-4.0,0.0,0.0,0,,0,
542,27416,-5.0,0.0,0.0,0,,0,
543,27480,-5.0,0.0,0.0,0,,0,
544,27640,-5.0,0.0,0.0,0,,0,
545,27656,-5.0,0.0,0.0,0,,0,
546,27736,-4.0,0.0,0.0,0,,0,
547,27768,-5.0,0.0,0.0,0,,0,
548,27792,-4.0,0.0,0.0,0,,0,
549,27816,-5.0,0.0,0.0,0,,0,
550,27824,-4.0,0.0,0.0,0,,0,
551,27888,-5.0,0.0,0.0,0,,0,
552,28048,-4.0,0.0,0.0,0,,0,
553,28064,-5.0,0.0,0.0,0,,0,
554,28144,-5.0,0.0,0.0,0,,0,
555,28176,-4.0,0.0,0.0,0,,0,
556,28200,-4.0,0.0,0.0,0,,0,
557,28224,-5.0,0.0,0.0,0,,0,
558,28232,-5.0,0.0,0.0,0,,0,
559,28296,-5.0,0.0,0.0,0,,0,
560,28456,-5.0,0.0,0.0,0,,0,
561,28472,-5.0,0.0,0.0,0,,0,
562,28552,-4.0,0.0,0.0,0,,0,
563,28584,-4.0,0.0,0.0,0,,0,
564,28608,-5.0,0.0,0.0,0,,0,
565,28632,-5.0,0.0,0.0,0,,0,
566,28640,-5.0,0.0,0.0,0,,0,
567,28704,-4.0,0.0,0.0,0,,0,
568,28848,10.3,1.0,0.0,0,,0,
569,28864,-4.0,0.0,0.0,0,,0,
570,28880,-5.0,0.0,0.0,0,,0,
571,28960,-5.0,0.0,0.0,0,,0,
572,28992,-5.0,0.0,0.0,0,,0,
573,29016,-5.0,0.0,0.0,0,,0,
574,29040,-5.0,0.0,0.0,0,,0,
575,29048,-5.0,0.0,0.0,0,,0,
576,29256,-4.0,0.0,0.0,0,,0,
577,29272,-5.0,0.0,0.0,0,,0,
578,29288,-5.0,0.0,0.0,0,,0,
579,29368,-5.0,0.0,0.0,0,,0,
580,29400,-5.0,0.0,0.0,0,,0,
581,29424,-5.0,0.0,0.0,0,,0,
582,29448,-5.0,0.0,0.0,0,,0,
583,29456,-4.0,0.0,0.0,0,,0,
584,29664,-5.0,0.0,0.0,0,,0,
585,29680,-5.0,0.0,0.0,0,,0,
586,29696,-5.0,0.0,0.0,0,,0,
587,29776,-4.0,0.0,0.0,0,,0,
588,29808,-4.0,0.0,0.0,0,,0,
589,29832,-5.0,0.0,0.0,0,,0,
590,29856,-5.0,0.0,0.0,0,,0,
591,29864,-5.0,0.0,0.0,0,,0,
592,30072,-5.0,0.0,0.0,0,,0,
593,30088,-5.0,0.0,0.0,0,,0,
594,30104,-5.0,0.0,0.0,0,,0,
595,30184,-5.0,0.0,0.0,0,,0,
596,30216,-5.0,0.0,0.0,0,,0,
597,30240,-5.0,0.0,0.0,0,,0,
598,30264,-5.0,0.0,0.0,0,,0,
599,30272,-5.0,0.0,0.0,0,,0,
600,30456,8.7,1.0,0.0,0,,0,
601,30480,-5.0,0.0,0.0,0,,0,
602,30496,-5.0,0.0,0.0,0,,0,
603,30512,-4.0,0.0,0.0,0,,0,
604,30624,-4.0,0.0,0.0,0,,0,
605,30648,-5.0,0.0,0.0,0,,0,
606,30672,-5.0,0.0,0.0,0,,0,
607,30680,-5.0,0.0,0.0,0,,0,
608,30864,-5.0,0.0,0.0,0,,0,
609,30888,-5.0,0.0,0.0,0,,0,
610,30904,-5.0,0.0,0.0,0,,0,
611,30920,-5.0,0.0,0.0,0,,0,
612,31032,-5.0,0.0,0.0,0,,0,
613,31056,-5.0,0.0,0.0,0,,0,
614,31080,-5.0,0.0,0.0,0,,0,
615,31088,-5.0,0.0,0.0,0,,0,
616,31272,-4.0,0.0,0.0,0,,0,
617,31296,-5.0,0.0,0.0,0,,0,
618,31312,-4.0,0.0,0.0,0,,0,
619,31328,-5.0,0.0,0.0,0,,0,
620,31440,-4.0,0.0,0.0,0,,0,
621,31464,-5.0,0.0,0.0,0,,0,
622,31488,-4.0,0.0,0.0,0,,0,
623,31496,-4.0,0.0,0.0,0,,0,
624,31680,-5.0,0.0,0.0,0,,0,
625,31704,-5.0,0.0,0.0,0,,0,
626,31720,-5.0,0.0,0.0,0,,0,
627,31736,-5.0,0.0,0.0,0,,0,
628,31848,-4.0,0.0,0.0,0,,0,
629,31872,-5.0,0.0,0.0,0,,0,
630,31896,-5.0,0.0,0.0,0,,0,
631,31904,-5.0,0.0,0.0,0,,0,
632,32088,-5.0,0.0,0.0,0,,0,
633,32112,-4.0,0.0,0.0,0,,0,
634,32128,-5.0,0.0,0.0,0,,0,
635,32144,-5.0,0.0,0.0,0,,0,
636,32256,-4.0,0.0,0.0,0,,0,
637,32280,-5.0,0.0,0.0,0,,0,
638,32304,-5.0,0.0,0.0,0,,0,
639,32312,-5.0,0.0,0.0,0,,0,
640,32496,-5.0,0.0,0.0,0,,0,
641,32520,-5.0,0.0,0.0,0,,0,
642,32536,-5.0,0.0,0.0,0,,0,
643,32544,8.5,1.0,0.0,0,,0,
644,32552,-5.0,0.0,0.0,0,,0,
645,32688,-5.0,0.0,0.0,0,,0,
646,32712,-5.0,0.0,0.0,0,,0,
647,32720,-5.0,0.0,0.0,0,,0,
648,32904,-5.0,0.0,0.0,0,,0,
649,32928,-4.0,0.0,0.0,0,,0,
650,32944,-5.0,0.0,0.0,0,,0,
651,32952,-4.0,0.0,0.0,0,,0,
652,32960,-5.0,0.0,0.0,0,,0,
653,33096,-5.0,0.0,0.0,0,,0,
654,33120,-5.0,0.0,0.0,0,,0,
655,33128,-5.0,0.0,0.0,0,,0,
656,33224,10.9,1.0,0.0,0,,0,
657,33312,-4.0,0.0,0.0,0,,0,
658,33336,-5.0,0.0,0.0,0,,0,
659,33352,-5.0,0.0,0.0,0,,0,
660,33360,-5.0,0.0,0.0,0,,0,
661,33368,-5.0,0.0,0.0,0,,0,
662,33504,-5.0,0.0,0.0,0,,0,
663,33528,-5.0,0.0,0.0,0,,0,
664,33632,-4.0,0.0,0.0,0,,0,
665,33720,-5.0,0.0,0.0,0,,0,
666,33744,-5.0,0.0,0.0,0,,0,
667,33760,-5.0,0.0,0.0,0,,0,
668,33768,-5.0,0.0,0.0,0,,0,
669,33776,-5.0,0.0,0.0,0,,0,
670,33912,-5.0,0.0,0.0,0,,0,
671,33936,-5.0,0.0,0.0,0,,0,
672,34040,-5.0,0.0,0.0,0,,0,
673,34128,-5.0,0.0,0.0,0,,0,
674,34152,-5.0,0.0,0.0,0,,0,
675,34168,-4.0,0.0,0.0,0,,0,
676,34176,-5.0,0.0,0.0,0,,0,
677,34184,-5.0,0.0,0.0,0,,0,
678,34320,-5.0,0.0,0.0,0,,0,
679,34344,-4.0,0.0,0.0,0,,0,
680,34448,-5.0,0.0,0.0,0,,0,
681,34536,-5.0,0.0,0.0,0,,0,
682,34560,-5.0,0.0,0.0,0,,0,
683,34576,-4.0,0.0,0.0,0,,0,
684,34584,-5.0,0.0,0.0,0,,0,
685,34592,-4.0,0.0,0.0,0,,0,
686,34728,-5.0,0.0,0.0,0,,0,
687,34752,-5.0,0.0,0.0,0,,0,
688,34856,-5.0,0.0,0.0,0,,0,
689,34944,-4.0,0.0,0.0,0,,0,
690,34968,-5.0,0.0,0.0,0,,0,
691,34984,-5.0,0.0,0.0,0,,0,
692,34992,-5.0,0.0,0.0,0,,0,
693,35000,-5.0,0.0,0.0,0,,0,
694,35136,-5.0,0.0,0.0,0,,0,
695,35160,-4.0,0.0,0.0,0,,0,
696,35264,-5.0,0.0,0.0,0,,0,
697,35352,-5.0,0.0,0.0,0,,0,
698,35376,-5.0,0.0,0.0,0,,0,
699,35392,-5.0,0.0,0.0,0,,0,
700,35400,-4.0,0.0,0.0,0,,0,
701,35408,-5.0,0.0,0.0,0,,0,
702,35544,-4.0,0.0,0.0,0,,0,
703,35568,-4.0,0.0,0.0,0,,0,
704,35616,9.5,1.0,0.0,0,,0,
705,35672,-4.0,0.0,0.0,0,,0,
706,35760,-5.0,0.0,0.0,0,,0,
707,35784,-5.0,0.0,0.0,0,,0,
708,35800,-4.0,0.0,0.0,0,,0,
709,35808,-5.0,0.0,0.0,0,,0,
710,35952,-5.0,0.0,0.0,0,,0,
711,35976,-5.0,0.0,0.0,0,,0,
712,36024,-5.0,0.0,0.0,0,,0,
713,36080,-5.0,0.0,0.0,0,,0,
714,36168,-5.0,0.0,0.0,0,,0,
715,36192,-5.0,0.0,0.0,0,,0,
716,36208,-5.0,0.0,0.0,0,,0,
717,36216,-5.0,0.0,0.0,0,,0,
718,36360,-5.0,0.0,0.0,0,,0,
719,36384,-5.0,0.0,0.0,0,,0,
720,36432,-5.0,0.0,0.0,0,,0,
721,36488,-5.0,0.0,0.0,0,,0,
722,36576,-4.0,0.0,0.0,0,,0,
723,36600,-5.0,0.0,0.0,0,,0,
724,36616,-5.0,0.0,0.0,0,,0,
725,36624,-5.0,0.0,0.0,0,,0,
726,36768,-5.0,0.0,0.0,0,,0,
727,36792,-5.0,0.0,0.0,0,,0,
728,36840,-5.0,0.0,0.0,0,,0,
729,36896,-4.0,0.0,0.0,0,,0,
730,36984,-4.0,0.0,0.0,0,,0,
731,37008,-5.0,0.0,0.0,0,,0,
732,37024,-5.0,0.0,0.0,0,,0,
733,37032,-5.0,0.0,0.0,0,,0,
734,37176,-5.0,0.0,0.0,0,,0,
735,37200,-5.0,0.0,0.0,0,,0,
736,37248,-4.0,0.0,0.0,0,,0,
737,37304,-5.0,0.0,0.0,0,,0,
738,37384,7.7,1.0,0.0,0,,0,
739,37392,-5.0,0.0,0.0,0,,0,
740,37416,-5.0,0.0,0.0,0,,0,
741,37432,-5.0,0.0,0.0,0,,0,
742,37560,9.9,1.0,0.0,0,,0,
743,37584,-5.0,0.0,0.0,0,,0,
744,37608,-5.0,0.0,0.0,0,,0,
745,37656,-5.0,0.0,0.0,0,,0,
746,37712,-4.0,0.0,0.0,0,,0,
747,37800,-5.0,0.0,0.0,0,,0,
748,37824,-4.0,0.0,0.0,0,,0,
749,37840,-5.0,0.0,0.0,0,,0,
750,37968,-4.0,0.0,0.0,0,,0,
751,37992,-4.0,0.0,0.0,0,,0,
752,38016,-5.0,0.0,0.0,0,,0,
753,38064,-5.0,0.0,0.0,0,,0,
754,38120,-4.0,0.0,0.0,0,,0,
755,38208,-5.0,0.0,0.0,0,,0,
756,38232,-5.0,0.0,0.0,0,,0,
757,38248,-5.0,0.0,0.0,0,,0,
758,38376,-4.0,0.0,0.0,0,,0,
759,38400,-4.0,0.0,0.0,0,,0,
760,38424,-5.0,0.0,0.0,0,,0,
761,38472,-5.0,0.0,0.0,0,,0,
762,38528,-5.0,0.0,0.0,0,,0,
763,38616,-5.0,0.0,0.0,0,,0,
764,38640,-4.0,0.0,0.0,0,,0,
765,38656,-5.0,0.0,0.0,0,,0,
766,38784,-5.0,0.0,0.0,0,,0,
767,38808,-5.0,0.0,0.0,0,,0,
768,38832,-4.0,0.0,0.0,0,,0,
769,38880,-5.0,0.0,0.0,0,,0,
770,38936,-5.0,0.0,0.0,0,,0,
771,39024,-5.0,0.0,0.0,0,,0,
772,39048,-5.0,0.0,0.0,0,,0,
773,39064,-4.0,0.0,0.0,0,,0,
774,39192,-5.0,0.0,0.0,0,,0,
775,39216,-5.0,0.0,0.0,0,,0,
776,39240,-5.0,0.0,0.0,0,,0,
777,39288,-5.0,0.0,0.0,0,,0,
778,39344,-5.0,0.0,0.0,0,,0,
779,39432,-4.0,0.0,0.0,0,,0,
780,39456,-5.0,0.0,0.0,0,,0,
781,39472,-5.0,0.0,0.0,0,,0,
782,39600,-5.0,0.0,0.0,0,,0,
783,39624,-5.0,0.0,0.0,0,,0,
784,39648,-4.0,0.0,0.0,0,,0,
785,39696,-5.0,0.0,0.0,0,,0,
786,39752,-5.0,0.0,0.0,0,,0,
787,39840,-5.0,0.0,0.0,0,,0,
788,39864,-5.0,0.0,0.0,0,,0,
789,39880,-5.0,0.0,0.0,0,,0,
790,40008,-5.0,0.0,0.0,0,,0,
791,40032,-5.0,0.0,0.0,0,,0,
792,40056,-4.0,0.0,0.0,0,,0,
793,40104,-5.0,0.0,0.0,0,,0,
794,40160,-5.0,0.0,0.0,0,,0,
795,40248,-5.0,0.0,0.0,0,,0,
796,40272,-5.0,0.0,0.0,0,,0,
797,40288,-4.0,0.0,0.0,0,,0,
798,40416,-4.0,0.0,0.0,0,,0,
799,40440,-5.0,0.0,0.0,0,,0,
800,40464,-5.0,0.0,0.0,0,,0,
801,40512,-5.0,0.0,0.0,0,,0,
802,40568,-5.0,0.0,0.0,0,,0,
803,40656,-4.0,0.0,0.0,0,,0,
804,40680,-5.0,0.0,0.0,0,,0,
805,40696,-5.0,0.0,0.0,0,,0,
806,40824,-5.0,0.0,0.0,0,,0,
807,40848,-5.0,0.0,0.0,0,,0,
808,40872,-4.0,0.0,0.0,0,,0,
809,40920,-4.0,0.0,0.0,0,,0,
810,40976,-5.0,0.0,0.0,0,,0,
811,41064,-4.0,0.0,0.0,0,,0,
812,41088,-5.0,0.0,0.0,0,,0,
813,41104,-5.0,0.0,0.0,0,,0,
814,41232,-5.0,0.0,0.0,0,,0,
815,41256,-5.0,0.0,0.0,0,,0,
816,41280,-4.0,0.0,0.0,0,,0,
817,41328,-5.0,0.0,0.0,0,,0,
818,41384,-5.0,0.0,0.0,0,,0,
819,41384,10.2,1.0,0.0,0,,0,
820,41472,-4.0,0.0,0.0,0,,0,
821,41496,-5.0,0.0,0.0,0,,0,
822,41512,-5.0,0.0,0.0,0,,0,
823,41664,-5.0,0.0,0.0,0,,0,
824,41688,-5.0,0.0,0.0,0,,0,
825,41736,-5.0,0.0,0.0,0,,0,
826,41792,-4.0,0.0,0.0,0,,0,
827,41792,-5.0,0.0,0.0,0,,0,
828,41880,-4.0,0.0,0.0,0,,0,
829,41904,-4.0,0.0,0.0,0,,0,
830,41920,-4.0,0.0,0.0,0,,0,
831,42072,-5.0,0.0,0.0,0,,0,
832,42096,-4.0,0.0,0.0,0,,0,
833,42144,-5.0,0.0,0.0,0,,0,
834,42200,-4.0,0.0,0.0,0,,0,
835,42200,-5.0,0.0,0.0,0,,0,
836,42288,-5.0,0.0,0.0,0,,0,
837,42312,-5.0,0.0,0.0,0,,0,
838,42328,-5.0,0.0,0.0,0,,0,
839,42480,-5.0,0.0,0.0,0,,0,
840,42504,-5.0,0.0,0.0,0,,0,
841,42552,-4.0,0.0,0.0,0,,0,
842,42608,-5.0,0.0,0.0,0,,0,
843,42608,-5.0,0.0,0.0,0,,0,
844,42696,-5.0,0.0,0.0,0,,0,
845,42720,-5.0,0.0,0.0,0,,0,
846,42736,-5.0,0.0,0.0,0,,0,
847,42888,-5.0,0.0,0.0,0,,0,
848,42912,-5.0,0.0,0.0,0,,0,
849,42960,-4.0,0.0,0.0,0,,0,
850,43016,-4.0,0.0,0.0,0,,0,
851,43016,-5.0,0.0,0.0,0,,0,
852,43104,-5.0,0.0,0.0,0,,0,
853,43128,-5.0,0.0,0.0,0,,0,
854,43144,-5.0,0.0,0.0,0,,0,
855,43296,-5.0,0.0,0.0,0,,0,
856,43320,-4.0,0.0,0.0,0,,0,
857,43368,-5.0,0.0,0.0,0,,0,
858,43424,-5.0,0.0,0.0,0,,0,
859,43424,-5.0,0.0,0.0,0,,0,
860,43512,-5.0,0.0,0.0,0,,0,
861,43536,-5.0,0.0,0.0,0,,0,
862,43552,-5.0,0.0,0.0,0,,0,
863,43704,-5.0,0.0,0.0,0,,0,
864,43728,-5.0,0.0,0.0,0,,0,
865,43776,-5.0,0.0,0.0,0,,0,
866,43832,-4.0,0.0,0.0,0,,0,
867,43832,-5.0,0.0,0.0,0,,0,
868,43920,-5.0,0.0,0.0,0,,0,
869,43944,-5.0,0.0,0.0,0,,0,
870,43960,-4.0,0.0,0.0,0,,0,
871,44056,8.6,1.0,0.0,0,,0,
872,44112,-4.0,0.0,0.0,0,,0,
873,44128,9.8,1.0,0.0,0,,0,
874,44136,-5.0,0.0,0.0,0,,0,
875,44240,-5.0,0.0,0.0,0,,0,
876,44240,-5.0,0.0,0.0,0,,0,
877,44328,-5.0,0.0,0.0,0,,0,
878,44368,-5.0,0.0,0.0,0,,0,
879,44464,-5.0,0.0,0.0,0,,0,
880,44520,-5.0,0.0,0.0,0,,0,
881,44536,-4.0,0.0,0.0,0,,0,
882,44544,-5.0,0.0,0.0,0,,0,
883,44648,-5.0,0.0,0.0,0,,0,
884,44648,-5.0,0.0,0.0,0,,0,
885,44736,-5.0,0.0,0.0,0,,0,
886,44776,-4.0,0.0,0.0,0,,0,
887,44872,-5.0,0.0,0.0,0,,0,
888,44928,-5.0,0.0,0.0,0,,0,
889,44944,-5.0,0.0,0.0,0,,0,
890,44952,-5.0,0.0,0.0,0,,0,
891,45056,-4.0,0.0,0.0,0,,0,
892,45056,-5.0,0.0,0.0,0,,0,
893,45144,-5.0,0.0,0.0,0,,0,
894,45184,-4.0,0.0,0.0,0,,0,
895,45280,-5.0,0.0,0.0,0,,0,
896,45336,-5.0,0.0,0.0,0,,0,
897,45352,-4.0,0.0,0.0,0,,0,
898,45360,-4.0,0.0,0.0,0,,0,
899,45416,11.4,1.0,0.0,0,,0,
900,45464,-5.0,0.0,0.0,0,,0,
901,45464,-5.0,0.0,0.0,0,,0,
902,45552,-4.0,0.0,0.0,0,,0,
903,45592,-5.0,0.0,0.0,0,,0,
904,45688,-5.0,0.0,0.0,0,,0,
905,45744,-4.0,0.0,0.0,0,,0,
906,45760,-5.0,0.0,0.0,0,,0,
907,45824,-4.0,0.0,0.0,0,,0,
908,45872,-5.0,0.0,0.0,0,,0,
909,45872,-4.0,0.0,0.0,0,,0,
910,45960,-5.0,0.0,0.0,0,,0,
911,46000,-5.0,0.0,0.0,0,,0,
912,46096,-5.0,0.0,0.0,0,,0,
913,46152,-5.0,0.0,0.0,0,,0,
914,46168,-4.0,0.0,0.0,0,,0,
915,46232,-5.0,0.0,0.0,0,,0,
916,46280,-5.0,0.0,0.0,0,,0,
917,46280,-5.0,0.0,0.0,0,,0,
918,46368,-5.0,0.0,0.0,0,,0,
919,46408,-4.0,0.0,0.0,0,,0,
920,46504,-5.0,0.0,0.0,0,,0,
921,46560,-5.0,0.0,0.0,0,,0,
922,46576,-5.0,0.0,0.0,0,,0,
923,46640,-5.0,0.0,0.0,0,,0,
924,46688,-5.0,0.0,0.0,0,,0,
925,46688,-4.0,0.0,0.0,0,,0,
926,46776,-5.0,0.0,0.0,0,,0,
927,46816,-5.0,0.0,0.0,0,,0,
928,46912,-5.0,0.0,0.0,0,,0,
929,46968,-5.0,0.0,0.0,0,,0,
930,46984,-5.0,0.0,0.0,0,,0,
931,47048,-5.0,0.0,0.0,0,,0,
932,47096,-4.0,0.0,0.0,0,,0,
933,47096,-5.0,0.0,0.0,0,,0,
934,47184,-5.0,0.0,0.0,0,,0,
935,47224,-5.0,0.0,0.0,0,,0,
936,47320,-5.0,0.0,0.0,0,,0,
937,47376,-5.0,0.0,0.0,0,,0,
938,47392,-5.0,0.0,0.0,0,,0,
939,47456,-4.0,0.0,0.0,0,,0,
940,47504,-5.0,0.0,0.0,0,,0,
941,47504,-5.0,0.0,0.0,0,,0,
942,47592,-5.0,0.0,0.0,0,,0,
943,47632,-5.0,0.0,0.0,0,,0,
944,47728,-4.0,0.0,0.0,0,,0,
945,47784,-4.0,0.0,0.0,0,,0,
946,47800,-5.0,0.0,0.0,0,,0,
947,47864,-5.0,0.0,0.0,0,,0,
948,47912,-5.0,0.0,0.0,0,,0,
949,47912,-5.0,0.0,0.0,0,,0,
950,48000,-5.0,0.0,0.0,0,,0,
951,48040,-5.0,0.0,0.0,0,,0,
952,48104,9.7,1.0,0.0,0,,0,
953,48136,-4.0,0.0,0.0,0,,0,
954,48192,-4.0,0.0,0.0,0,,0,
955,48208,-4.0,0.0,0.0,0,,0,
956,48256,7.8,1.0,0.0,0,,0,
957,48272,-5.0,0.0,0.0,0,,0,
958,48408,-4.0,0.0,0.0,0,,0,
959,48448,-4.0,0.0,0.0,0,,0,
960,48512,-5.0,0.0,0.0,0,,0,
961,48544,-5.0,0.0,0.0,0,,0,
962,48568,10.1,1.0,0.0,0,,0,
963,48600,-5.0,0.0,0.0,0,,0,
964,48616,-4.0,0.0,0.0,0,,0,
965,48664,-5.0,0.0,0.0,0,,0,
966,48680,-5.0,0.0,0.0,0,,0,
967,48856,-4.0,0.0,0.0,0,,0,
968,48920,-5.0,0.0,0.0,0,,0,
969,48952,-5.0,0.0,0.0,0,,0,
970,48976,-5.0,0.0,0.0,0,,0,
971,49008,-4.0,0.0,0.0,0,,0,
972,49024,-4.0,0.0,0.0,0,,0,
973,49072,-5.0,0.0,0.0,0,,0,
974,49088,-5.0,0.0,0.0,0,,0,
975,49264,9.9,1.0,0.0,0,,0,
976,49264,-5.0,0.0,0.0,0,,0,
977,49328,-5.0,0.0,0.0,0,,0,
978,49360,-4.0,0.0,0.0,0,,0,
979,49384,-5.0,0.0,0.0,0,,0,
980,49416,-4.0,0.0,0.0,0,,0,
981,49432,-5.0,0.0,0.0,0,,0,
982,49480,-5.0,0.0,0.0,0,,0,
983,49672,-5.0,0.0,0.0,0,,0,
984,49672,-5.0,0.0,0.0,0,,0,
985,49736,-5.0,0.0,0.0,0,,0,
986,49768,-4.0,0.0,0.0,0,,0,
987,49792,-5.0,0.0,0.0,0,,0,
988,49824,-5.0,0.0,0.0,0,,0,
989,49840,-4.0,0.0,0.0,0,,0,
990,49888,-5.0,0.0,0.0,0,,0,
991,50080,-5.0,0.0,0.0,0,,0,
992,50080,-5.0,0.0,0.0,0,,0,
993,50144,-5.0,0.0,0.0,0,,0,
994,50176,-4.0,0.0,0.0,0,,0,
995,50200,-5.0,0.0,0.0,0,,0,
996,50232,-5.0,0.0,0.0,0,,0,
997,50248,-5.0,0.0,0.0,0,,0,
998,50296,-5.0,0.0,0.0,0,,0,
999,50488,-5.0,0.0,0.0,0,,0,
1000,50488,-5.0,0.0,0.0,0,,0,
1001,50552,-5.0,0.0,0.0,0,,0,
1002,50584,-5.0,0.0,0.0,0,,0,
1003,50608,-5.0,0.0,0.0,0,,0,
1004,50640,-4.0,0.0,0.0,0,,0,
1005,50656,-4.0,0.0,0.0,0,,0,
1006,50704,-4.0,0.0,0.0,0,,0,
1007,50736,10.2,1.0,0.0,0,,0,
1008,50896,-4.0,0.0,0.0,0,,0,
1009,50896,8.9,1.0,0.0,0,,0,
1010,50896,-5.0,0.0,0.0,0,,0,
1011,50960,-5.0,0.0,0.0,0,,0,
1012,51016,-5.0,0.0,0.0,0,,0,
1013,51064,-4.0,0.0,0.0,0,,0,
1014,51112,-5.0,0.0,0.0,0,,0,
1015,51144,-5.0,0.0,0.0,0,,0,
1016,51304,-5.0,0.0,0.0,0,,0,
1017,51304,-5.0,0.0,0.0,0,,0,
1018,51304,-5.0,0.0,0.0,0,,0,
1019,51368,-5.0,0.0,0.0,0,,0,
1020,51424,-5.0,0.0,0.0,0,,0,
1021,51472,-5.0,0.0,0.0,0,,0,
1022,51520,-5.0,0.0,0.0,0,,0,
1023,51552,-5.0,0.0,0.0,0,,0,
1024,51600,9.9,1.0,0.0,0,,0,
1025,51712,-5.0,0.0,0.0,0,,0,
1026,51712,-5.0,0.0,0.0,0,,0,
1027,51712,-5.0,0.0,0.0,0,,0,
1028,51776,-4.0,0.0,0.0,0,,0,
1029,51880,-5.0,0.0,0.0,0,,0,
1030,51928,-5.0,0.0,0.0,0,,0,
1031,51960,-5.0,0.0,0.0,0,,0,
1032,52008,-5.0,0.0,0.0,0,,0,
1033,52120,-5.0,0.0,0.0,0,,0,
1034,52120,-4.0,0.0,0.0,0,,0,
1035,52120,-4.0,0.0,0.0,0,,0,
1036,52184,-4.0,0.0,0.0,0,,0,
1037,52288,-4.0,0.0,0.0,0,,0,
1038,52336,-5.0,0.0,0.0,0,,0,
1039,52368,-5.0,0.0,0.0,0,,0,
1040,52416,-4.0,0.0,0.0,0,,0,
1041,52528,-4.0,0.0,0.0,0,,0,
1042,52528,-4.0,0.0,0.0,0,,0,
1043,52528,-5.0,0.0,0.0,0,,0,
1044,52592,-4.0,0.0,0.0,0,,0,
1045,52696,-5.0,0.0,0.0,0,,0,
1046,52744,-5.0,0.0,0.0,0,,0,
1047,52776,-4.0,0.0,0.0,0,,0,
1048,52824,-5.0,0.0,0.0,0,,0,
1049,52904,10.1,1.0,0.0,0,,0,
1050,52936,-5.0,0.0,0.0,0,,0,
1051,52936,-4.0,0.0,0.0,0,,0,
1052,52936,-5.0,0.0,0.0,0,,0,
1053,53000,-4.0,0.0,0.0,0,,0,
1054,53104,-5.0,0.0,0.0,0,,0,
1055,53176,8.7,1.0,0.0,0,,0,
1056,53184,-5.0,0.0,0.0,0,,0,
1057,53232,-5.0,0.0,0.0,0,,0,
1058,53344,-5.0,0.0,0.0,0,,0,
1059,53344,-4.0,0.0,0.0,0,,0,
1060,53344,-5.0,0.0,0.0,0,,0,
1061,53408,-5.0,0.0,0.0,0,,0,
1062,53480,10.4,1.0,0.0,0,,0,
1063,53512,-5.0,0.0,0.0,0,,0,
1064,53584,-5.0,0.0,0.0,0,,0,
1065,53592,-5.0,0.0,0.0,0,,0,
1066,53640,-5.0,0.0,0.0,0,,0,
1067,53752,-4.0,0.0,0.0,0,,0,
1068,53752,-5.0,0.0,0.0,0,,0,
1069,53816,-4.0,0.0,0.0,0,,0,
1070,53888,-5.0,0.0,0.0,0,,0,
1071,53920,-5.0,0.0,0.0,0,,0,
1072,53992,-5.0,0.0,0.0,0,,0,
1073,54000,-5.0,0.0,0.0,0,,0,
1074,54048,-5.0,0.0,0.0,0,,0,
1075,54160,-5.0,0.0,0.0,0,,0,
1076,54160,-5.0,0.0,0.0,0,,0,
1077,54224,-5.0,0.0,0.0,0,,0,
1078,54296,-5.0,0.0,0.0,0,,0,
1079,54328,-5.0,0.0,0.0,0,,0,
1080,54400,-5.0,0.0,0.0,0,,0,
1081,54408,-5.0,0.0,0.0,0,,0,
1082,54456,-5.0,0.0,0.0,0,,0,
1083,54568,-5.0,0.0,0.0,0,,0,
1084,54568,-5.0,0.0,0.0,0,,0,
1085,54632,-5.0,0.0,0.0,0,,0,
1086,54704,-4.0,0.0,0.0,0,,0,
1087,54736,-5.0,0.0,0.0,0,,0,
1088,54808,-5.0,0.0,0.0,0,,0,
1089,54816,-5.0,0.0,0.0,0,,0,
1090,54864,-4.0,0.0,0.0,0,,0,
1091,54976,-5.0,0.0,0.0,0,,0,
1092,54976,-5.0,0.0,0.0,0,,0,
1093,55000,10.4,1.0,0.0,0,,0,
1094,55040,-5.0,0.0,0.0,0,,0,
1095,55104,7.1,1.0,0.0,0,,0,
1096,55144,-4.0,0.0,0.0,0,,0,
1097,55216,-5.0,0.0,0.0,0,,0,
1098,55224,-4.0,0.0,0.0,0,,0,
1099,55384,-4.0,0.0,0.0,0,,0,
1100,55384,-5.0,0.0,0.0,0,,0,
1101,55408,-5.0,0.0,0.0,0,,0,
1102,55448,-5.0,0.0,0.0,0,,0,
1103,55512,-5.0,0.0,0.0,0,,0,
1104,55552,-5.0,0.0,0.0,0,,0,
1105,55624,-5.0,0.0,0.0,0,,0,
1106,55632,-4.0,0.0,0.0,0,,0,
1107,55792,-5.0,0.0,0.0,0,,0,
1108,55792,-4.0,0.0,0.0,0,,0,
1109,55808,9.8,1.0,0.0,0,,0,
1110,55816,-4.0,0.0,0.0,0,,0,
1111,55856,-4.0,0.0,0.0,0,,0,
1112,55864,9.2,1.0,0.0,0,,0,
1113,55920,-5.0,0.0,0.0,0,,0,
1114,55960,-5.0,0.0,0.0,0,,0,
1115,56200,-5.0,0.0,0.0,0,,0,
1116,56200,-5.0,0.0,0.0,0,,0,
1117,56216,-5.0,0.0,0.0,0,,0,
1118,56224,-5.0,0.0,0.0,0,,0,
1119,56264,-5.0,0.0,0.0,0,,0,
1120,56272,-5.0,0.0,0.0,0,,0,
1121,56328,-5.0,0.0,0.0,0,,0,
1122,56368,-5.0,0.0,0.0,0,,0,
1123,56480,8.9,1.0,0.0,0,,0,
1124,56608,-5.0,0.0,0.0,0,,0,
1125,56608,-5.0,0.0,0.0,0,,0,
1126,56624,-5.0,0.0,0.0,0,,0,
1127,56672,-5.0,0.0,0.0,0,,0,
1128,56680,-5.0,0.0,0.0,0,,0,
1129,56736,-4.0,0.0,0.0,0,,0,
1130,56776,-5.0,0.0,0.0,0,,0,
1131,56888,-4.0,0.0,0.0,0,,0,
1132,57016,-5.0,0.0,0.0,0,,0,
1133,57016,-5.0,0.0,0.0,0,,0,
1134,57032,-5.0,0.0,0.0,0,,0,
1135,57080,-5.0,0.0,0.0,0,,0,
1136,57088,-5.0,0.0,0.0,0,,0,
1137,57144,-4.0,0.0,0.0,0,,0,
1138,57152,11.3,1.0,0.0,0,,0,
1139,57184,-5.0,0.0,0.0,0,,0,
1140,57296,-5.0,0.0,0.0,0,,0,
1141,57424,-4.0,0.0,0.0,0,,0,
1142,57424,-5.0,0.0,0.0,0,,0,
1143,57440,-5.0,0.0,0.0,0,,0,
1144,57488,-5.0,0.0,0.0,0,,0,
1145,57552,-5.0,0.0,0.0,0,,0,
1146,57560,-5.0,0.0,0.0,0,,0,
1147,57592,-5.0,0.0,0.0,0,,0,
1148,57704,-5.0,0.0,0.0,0,,0,
1149,57832,-5.0,0.0,0.0,0,,0,
1150,57832,-4.0,0.0,0.0,0,,0,
1151,57848,-5.0,0.0,0.0,0,,0,
1152,57896,-4.0,0.0,0.0,0,,0,
1153,57960,-4.0,0.0,0.0,0,,0,
1154,57968,-5.0,0.0,0.0,0,,0,
1155,58000,-5.0,0.0,0.0,0,,0,
1156,58112,-5.0,0.0,0.0,0,,0,
1157,58240,-5.0,0.0,0.0,0,,0,
1158,58240,-5.0,0.0,0.0,0,,0,
1159,58256,-5.0,0.0,0.0,0,,0,
1160,58304,-5.0,0.0,0.0,0,,0,
1161,58368,-5.0,0.0,0.0,0,,0,
1162,58376,-4.0,0.0,0.0,0,,0,
1163,58408,-4.0,0.0,0.0,0,,0,
1164,58520,-5.0,0.0,0.0,0,,0,
1165,58648,-5.0,0.0,0.0,0,,0,
1166,58648,-5.0,0.0,0.0,0,,0,
1167,58664,-4.0,0.0,0.0,0,,0,
1168,58712,-5.0,0.0,0.0,0,,0,
1169,58776,-5.0,0.0,0.0,0,,0,
1170,58784,-5.0,0.0,0.0,0,,0,
1171,58816,-5.0,0.0,0.0,0,,0,
1172,58840,9.9,1.0,0.0,0,,0,
1173,58928,-5.0,0.0,0.0,0,,0,
1174,59056,-5.0,0.0,0.0,0,,0,
1175,59056,-5.0,0.0,0.0,0,,0,
1176,59120,-5.0,0.0,0.0,0,,0,
1177,59184,-5.0,0.0,0.0,0,,0,
1178,59192,-4.0,0.0,0.0,0,,0,
1179,59224,-5.0,0.0,0.0,0,,0,
1180,59248,-5.0,0.0,0.0,0,,0,
1181,59336,-4.0,0.0,0.0,0,,0,
1182,59464,-5.0,0.0,0.0,0,,0,
1183,59464,-5.0,0.0,0.0,0,,0,
1184,59528,-5.0,0.0,0.0,0,,0,
1185,59592,-4.0,0.0,0.0,0,,0,
1186,59600,-5.0,0.0,0.0,0,,0,
1187,59632,-5.0,0.0,0.0,0,,0,
1188,59656,-5.0,0.0,0.0,0,,0,
1189,59744,-5.0,0.0,0.0,0,,0,
1190,59848,8.1,1.0,0.0,0,,0,
1191,59872,-5.0,0.0,0.0,0,,0,
1192,59872,-4.0,0.0,0.0,0,,0,
1193,60000,-4.0,0.0,0.0,0,,0,
1194,60008,-5.0,0.0,0.0,0,,0,
1195,60040,-5.0,0.0,0.0,0,,0,
1196,60064,-5.0,0.0,0.0,0,,0,
1197,60152,-5.0,0.0,0.0,0,,0,
1198,60256,-5.0,0.0,0.0,0,,0,
1199,60280,-5.0,0.0,0.0,0,,0,
1200,60280,-5.0,0.0,0.0,0,,0,
1201,60408,-4.0,0.0,0.0,0,,0,
1202,60416,-5.0,0.0,0.0,0,,0,
1203,60448,-5.0,0.0,0.0,0,,0,
1204,60472,-5.0,0.0,0.0,0,,0,
1205,60560,-4.0,0.0,0.0,0,,0,
1206,60664,-4.0,0.0,0.0,0,,0,
1207,60688,-4.0,0.0,0.0,0,,0,
1208,60688,-5.0,0.0,0.0,0,,0,
1209,60816,-5.0,0.0,0.0,0,,0,
1210,60824,-4.0,0.0,0.0,0,,0,
1211,60856,-5.0,0.0,0.0,0,,0,
1212,60880,-5.0,0.0,0.0,0,,0,
1213,60968,-5.0,0.0,0.0,0,,0,
1214,61072,-5.0,0.0,0.0,0,,0,
1215,61096,-4.0,0.0,0.0,0,,0,
1216,61096,-4.0,0.0,0.0,0,,0,
1217,61224,-4.0,0.0,0.0,0,,0,
1218,61232,-5.0,0.0,0.0,0,,0,
1219,61264,-5.0,0.0,0.0,0,,0,
1220,61288,-4.0,0.0,0.0,0,,0,
1221,61376,-5.0,0.0,0.0,0,,0,
1222,61480,-5.0,0.0,0.0,0,,0,
1223,61504,-4.0,0.0,0.0,0,,0,
1224,61504,-5.0,0.0,0.0,0,,0,
1225,61632,-5.0,0.0,0.0,0,,0,
1226,61640,-5.0,0.0,0.0,0,,0,
1227,61672,-5.0,0.0,0.0,0,,0,
1228,61696,-5.0,0.0,0.0,0,,0,
1229,61784,-4.0,0.0,0.0,0,,0,
1230,61888,-5.0,0.0,0.0,0,,0,
1231,61912,-5.0,0.0,0.0,0,,0,
1232,61912,-4.0,0.0,0.0,0,,0,
1233,61936,9.1,1.0,0.0,0,,0,
1234,62040,-4.0,0.0,0.0,0,,0,
1235,62048,-5.0,0.0,0.0,0,,0,
1236,62080,-5.0,0.0,0.0,0,,0,
1237,62192,-4.0,0.0,0.0,0,,0,
1238,62296,-5.0,0.0,0.0,0,,0,
1239,62320,-5.0,0.0,0.0,0,,0,
1240,62320,-5.0,0.0,0.0,0,,0,
1241,62344,-5.0,0.0,0.0,0,,0,
1242,62448,-5.0,0.0,0.0,0,,0,
1243,62456,-5.0,0.0,0.0,0,,0,
1244,62488,-5.0,0.0,0.0,0,,0,
1245,62600,-5.0,0.0,0.0,0,,0,
1246,62704,-5.0,0.0,0.0,0,,0,
1247,62728,-5.0,0.0,0.0,0,,0,
1248,62728,-5.0,0.0,0.0,0,,0,
1249,62752,-4.0,0.0,0.0,0,,0,
1250,62856,-4.0,0.0,0.0,0,,0,
1251,62864,-5.0,0.0,0.0,0,,0,
1252,62896,-4.0,0.0,0.0,0,,0,
1253,63008,-5.0,0.0,0.0,0,,0,
1254,63112,-5.0,0.0,0.0,0,,0,
1255,63136,-4.0,0.0,0.0,0,,0,
1256,63136,-5.0,0.0,0.0,0,,0,
1257,63160,-5.0,0.0,0.0,0,,0,
1258,63264,-4.0,0.0,0.0,0,,0,
1259,63272,-4.0,0.0,0.0,0,,0,
1260,63304,-5.0,0.0,0.0,0,,0,
1261,63416,-4.0,0.0,0.0,0,,0,
1262,63520,-5.0,0.0,0.0,0,,0,
1263,63544,-5.0,0.0,0.0,0,,0,
1264,63544,-5.0,0.0,0.0,0,,0,
1265,63560,8.4,1.0,0.0,0,,0,
1266,63568,-5.0,0.0,0.0,0,,0,
1267,63680,-5.0,0.0,0.0,0,,0,
1268,63712,-5.0,0.0,0.0,0,,0,
1269,63824,-5.0,0.0,0.0,0,,0,
1270,63912,11.0,1.0,0.0,0,,0,
1271,63928,-5.0,0.0,0.0,0,,0,
1272,63952,-4.0,0.0,0.0,0,,0,
1273,63952,-5.0,0.0,0.0,0,,0,
1274,63968,-5.0,0.0,0.0,0,,0,
1275,63976,-4.0,0.0,0.0,0,,0,
1276,64088,-4.0,0.0,0.0,0,,0,
1277,64120,-5.0,0.0,0.0,0,,0,
1278,64320,-5.0,0.0,0.0,0,,0,
1279,64336,-5.0,0.0,0.0,0,,0,
1280,64360,-5.0,0.0,0.0,0,,0,
1281,64360,-5.0,0.0,0.0,0,,0,
1282,64376,-5.0,0.0,0.0,0,,0,
1283,64384,-5.0,0.0,0.0,0,,0,
1284,64496,-5.0,0.0,0.0,0,,0,
1285,64528,-5.0,0.0,0.0,0,,0,
1286,64624,8.5,1.0,0.0,0,,0,
1287,64728,-4.0,0.0,0.0,0,,0,
1288,64768,-5.0,0.0,0.0,0,,0,
1289,64768,-5.0,0.0,0.0,0,,0,
1290,64784,-4.0,0.0,0.0,0,,0,
1291,64792,-5.0,0.0,0.0,0,,0,
1292,64904,-5.0,0.0,0.0,0,,0,
1293,64936,-5.0,0.0,0.0,0,,0,
1294,64984,9.4,1.0,0.0,0,,0,
1295,65032,-4.0,0.0,0.0,0,,0,
1296,65136,-5.0,0.0,0.0,0,,0,
1297,65176,-4.0,0.0,0.0,0,,0,
1298,65192,-5.0,0.0,0.0,0,,0,
1299,65200,-4.0,0.0,0.0,0,,0,
1300,65312,-5.0,0.0,0.0,0,,0,
1301,65344,-4.0,0.0,0.0,0,,0,
1302,65360,7.4,1.0,0.0,0,,0,
1303,65368,10.0,1.0,0.0,0,,0,
1304,65440,-5.0,0.0,0.0,0,,0,
