episode,global_step,ep_return,success,guided_pct,queries_per_ep,bc_loss,agreement_rate,cum_queries,first_unguided_success
1,928,0.6969,1.0,12.07,14,0.0,0.0,96,
2,1432,0.5383,1.0,11.73,21,0.0,0.0,155,
3,2200,0.5978,1.0,11.32,18,0.0,0.0556,241,
4,2328,0.2408,1.0,12.03,35,0.0,0.0,254,
5,2568,0.2486,1.0,9.35,30,0.0,0.0333,278,
6,2664,0.6048,1.0,11.69,18,0.0,0.1111,293,
7,3488,-0.1831,0.0,13.07,57,0.0,0.1404,415,
8,3984,-0.4203,0.0,14.46,72,0.0,0.125,478,
9,4048,0.4891,1.0,9.77,21,0.0,0.2381,482,
10,4200,0.4545,1.0,12.75,26,0.0,0.0769,503,
11,4688,0.7489,1.0,17.5,14,0.0,0.0,578,
12,4784,0.1887,1.0,16.6,44,0.0,0.0455,597,
13,5120,-0.75,0.0,11.72,75,0.0,0.08,655,
14,5120,-0.9,0.0,14.06,90,0.0,0.0889,655,
15,5720,0.7159,1.0,24.0,18,0.0,0.0556,740,
16,5776,0.6002,1.0,15.44,21,0.0,0.0476,756,
17,5992,0.3264,1.0,16.07,36,0.0,0.1111,790,
18,6296,0.0578,1.0,12.82,45,0.0,0.0889,841,
19,6520,0.3562,1.0,15.67,34,0.0,0.0294,883,
20,6624,0.6825,1.0,14.16,16,0.0,0.0625,902,
21,6824,0.7586,1.0,22.73,15,0.0,0.0667,950,
22,6848,0.6409,1.0,19.63,21,0.0,0.0,955,
23,6912,-0.6169,0.0,13.41,79,0.0,0.0886,965,
24,6936,0.3022,1.0,16.74,38,0.0,0.0526,969,
25,7064,0.505,1.0,16.77,27,0.0,0.0741,989,
26,7296,0.6533,1.0,27.38,23,0.0,0.0,1041,
27,7456,0.6503,1.0,30.38,24,0.0,0.0833,1077,
28,7528,0.6242,1.0,15.87,20,0.0,0.0,1082,
29,7784,0.6081,1.0,22.02,24,0.0,0.0,1141,
30,7856,0.8237,1.0,29.27,12,0.0,0.1667,1162,
31,7856,0.6542,1.0,13.49,17,0.0,0.0588,1162,
32,8056,0.567,1.0,20.97,26,0.0,0.0,1199,
33,8184,0.6134,1.0,28.57,26,0.0,0.0,1229,
34,8216,0.5164,1.0,16.25,26,0.0,0.0385,1241,
35,8288,0.7928,1.0,19.05,12,0.0,0.0,1255,
36,8496,0.7289,1.0,20.0,16,0.0,0.0625,1302,
37,8496,0.6489,1.0,30.0,24,0.0,0.0417,1302,
38,8672,0.4295,1.0,19.19,33,0.0,0.0606,1355,
39,8728,0.6758,1.0,33.82,23,0.0,0.0435,1371,
40,8912,0.6817,1.0,26.92,21,0.0,0.0952,1413,
41,8920,0.5495,1.0,27.78,30,0.0,0.0,1415,
42,8920,0.6777,1.0,22.73,20,0.0,0.05,1415,
43,9112,-1.23,0.0,19.19,123,0.0,0.0,1459,
44,9152,0.6161,1.0,32.93,27,0.0,0.1481,1470,
45,9256,0.8223,1.0,28.57,12,0.0,0.25,1495,
46,9264,0.7673,1.0,17.57,13,0.0,0.0769,1497,
47,9328,0.7983,1.0,25.0,13,0.0,0.3077,1510,
48,9400,0.7033,1.0,21.43,18,0.0,0.2222,1528,
49,9440,0.6055,1.0,19.49,23,0.0,0.1739,1537,
50,9488,0.8623,1.0,19.05,8,0.0,0.25,1553,
51,9504,0.8225,1.0,22.45,11,0.0,0.3636,1557,
52,9528,0.6345,1.0,34.21,26,0.0,0.3462,1564,
53,9744,0.7909,1.0,34.88,15,0.0,0.3333,1625,
54,9872,0.7745,1.0,15.79,12,0.0,0.3333,1663,
55,9888,0.6203,1.0,34.18,27,0.0,0.5185,1668,
56,9944,0.7028,1.0,33.33,21,0.0,0.4286,1685,
57,9968,0.6889,1.0,25.0,20,0.0,0.4,1696,
58,10080,0.6502,1.0,34.72,25,0.0,0.4,1731,
59,10104,0.7402,1.0,22.22,16,0.0,0.5,1735,
60,10216,0.5634,1.0,34.07,31,0.0,0.4194,1762,
61,10376,0.7228,1.0,30.16,19,0.0,0.4737,1806,
62,10376,0.6703,1.0,27.85,22,0.0,0.4091,1806,
63,10480,0.6372,1.0,40.3,27,0.0,0.4444,1839,
64,10488,0.7639,1.0,35.42,17,0.0,0.4706,1841,
65,10496,0.7545,1.0,18.42,14,0.0,0.2857,1842,
66,10584,0.8648,1.0,38.46,10,0.0,0.4,1870,
67,10648,0.7955,1.0,24.07,13,0.0,0.5385,1890,
68,10664,0.7087,1.0,26.03,19,0.0,0.3684,1894,
69,10760,0.805,1.0,45.45,15,0.0,0.4667,1921,
70,10896,0.7483,1.0,34.62,18,0.0,0.4444,1962,
71,10968,0.7639,1.0,35.42,17,0.0,0.4118,1982,
72,11032,0.5044,1.0,23.31,31,0.0,0.3871,2007,
73,11080,0.6177,1.0,29.55,26,0.0,0.5,2029,
74,11088,0.7937,1.0,36.59,15,0.0,0.5333,2031,
75,11104,0.7012,1.0,38.6,22,0.0,0.4545,2040,
76,11136,0.6575,1.0,28.4,23,0.0,0.3478,2051,
77,11280,0.7866,1.0,41.03,16,0.0,0.375,2104,
78,11416,0.7966,1.0,38.46,15,0.0,0.5333,2159,
79,11416,0.8222,1.0,37.14,13,0.0,0.3846,2159,
80,11448,0.7044,1.0,28.99,20,0.0,0.45,2168,
81,11456,0.5622,1.0,30.3,30,0.0,0.4,2173,
82,11472,0.7239,1.0,43.75,21,0.0,0.4762,2181,
83,11488,0.6812,1.0,42.11,24,0.0,0.4583,2187,
84,11536,0.7212,1.0,35.09,20,0.0,0.4,2204,
85,11568,0.7908,1.0,44.44,16,0.0,0.6875,2216,
86,11768,0.7595,1.0,40.91,18,0.0,0.3333,2288,
87,11824,0.7853,1.0,31.91,15,0.0,0.4,2311,
88,11848,0.7725,1.0,32.65,16,0.0,0.625,2318,
89,11872,0.7423,1.0,47.62,20,0.0,0.4,2329,
90,11880,0.7097,1.0,43.14,22,0.0,0.4091,2333,
91,11888,0.7611,1.0,34.0,17,0.0,0.5294,2338,
92,11936,0.8719,1.0,47.62,10,0.0,0.3,2355,
93,12048,0.5603,1.0,41.77,33,0.0,0.7879,2389,
94,12112,0.8308,1.0,33.33,12,0.0,0.5,2412,
95,12128,0.8292,1.0,43.33,13,0.0,0.4615,2414,
96,12152,0.6887,1.0,28.77,21,0.0,0.3333,2423,
97,12168,0.8594,1.0,24.32,9,0.0,0.4444,2428,
98,12240,0.8125,1.0,24.49,12,0.0,0.3333,2462,
99,12288,0.7595,1.0,40.91,18,0.0,0.4444,2482,
100,12320,0.8477,1.0,50.0,12,0.0,0.4167,2497,
101,12336,0.8308,1.0,33.33,12,0.0,0.5833,2502,
102,12360,0.8448,1.0,46.15,12,0.0,0.5833,2516,
103,12400,0.67,1.0,36.92,24,0.0,0.3333,2533,
104,12400,0.7908,1.0,44.44,16,0.0,0.5,2533,
105,12504,0.8434,1.0,44.44,12,0.0,0.5,2578,
106,12528,0.8677,1.0,41.67,10,0.0,0.6,2592,
107,12528,0.8319,1.0,66.67,14,0.0,0.6429,2592,
108,12536,0.7467,1.0,41.3,19,0.0,0.4737,2594,
109,12568,0.7837,1.0,39.02,16,0.0,0.4375,2612,
110,12600,0.8122,1.0,40.0,14,0.0,0.5714,2629,
111,12616,0.8534,1.0,40.74,11,0.0,0.3636,2636,
112,12672,0.7536,1.0,58.82,20,0.0,0.55,2658,
113,12696,0.8633,1.0,55.0,11,0.0,0.6364,2671,
114,12760,0.8306,1.0,44.83,13,0.0,0.5385,2698,
115,12776,0.8605,1.0,50.0,11,0.0,0.4545,2705,
116,12816,0.7766,1.0,43.59,17,0.0,0.4118,2725,
117,12824,0.8064,1.0,46.88,15,0.0,0.5333,2729,
118,12880,0.785,1.0,51.52,17,0.0,0.4118,2759,
119,12944,0.7383,1.0,36.54,19,0.0,0.5263,2784,
120,12960,0.755,1.0,60.61,20,0.0,0.6,2792,
121,12960,0.8491,1.0,52.17,12,0.0,0.5,2792,
122,13024,0.7295,1.0,47.73,21,0.0,0.5238,2824,
123,13040,0.7934,1.0,62.96,17,0.0,0.6471,2829,
124,13088,0.8348,1.0,50.0,13,0.0,0.4615,2851,
125,13104,0.7909,1.0,34.88,15,0.0,0.5333,2856,
126,13176,0.8206,1.0,48.28,14,0.0,0.4286,2889,
127,13184,0.7267,1.0,45.65,21,0.0,0.5238,2895,
128,13240,0.7934,1.0,62.96,17,0.0,0.7059,2918,
129,13264,0.798,1.0,39.47,15,0.0,0.5333,2929,
130,13336,0.7453,1.0,40.43,19,0.0,0.4737,2960,
131,13344,0.768,1.0,47.37,18,0.0,0.5,2963,
132,13384,0.8222,1.0,37.14,13,0.0,0.5385,2977,
133,13400,0.8266,1.0,30.77,12,0.0,0.4167,2985,
134,13400,0.8633,1.0,55.0,11,0.0,0.5455,2985,
135,13480,0.8434,1.0,44.44,12,0.0,0.75,3031,
136,13512,0.8319,1.0,66.67,14,0.0,0.7143,3050,
137,13560,0.8105,1.0,72.73,16,0.0,0.5625,3080,
138,13560,0.8333,1.0,70.0,14,0.0,0.5714,3080,
139,13584,0.6997,1.0,45.1,23,0.0,0.5217,3094,
140,13648,0.6798,1.0,41.38,24,0.0,0.4583,3132,
141,13664,0.8191,1.0,65.22,15,0.0,0.5333,3140,
142,13672,0.7423,1.0,47.62,20,0.0,0.6,3145,
143,13776,0.8134,1.0,55.56,15,0.0,0.6,3199,
144,13816,0.6683,1.0,50.0,26,0.0,0.6538,3218,
145,13816,0.7564,1.0,62.5,20,0.0,0.55,3218,
146,13864,0.7322,1.0,62.86,22,0.0,0.5909,3252,
147,13920,0.6397,1.0,56.86,29,0.0,0.7241,3270,
148,13928,0.7822,1.0,48.57,17,0.0,0.5294,3274,
149,13960,0.7708,1.0,50.0,18,0.0,0.4444,3293,
150,14016,0.7963,1.0,68.0,17,0.0,0.5294,3319,
151,14072,0.7794,1.0,45.95,17,0.0,0.5882,3341,
152,14120,0.768,1.0,47.37,18,0.0,0.5556,3368,
153,14176,0.8733,1.0,50.0,10,0.0,0.4,3401,
154,14184,0.7852,1.0,40.0,16,0.0,0.625,3406,
155,14192,0.6386,1.0,40.91,27,0.0,0.4444,3408,
156,14240,0.7252,1.0,55.0,22,0.0,0.5455,3437,
157,14264,0.8377,1.0,54.17,13,0.0,0.5385,3446,
158,14288,0.6981,1.0,53.33,24,0.0,0.4167,3459,
159,14304,0.7309,1.0,48.84,21,0.0,0.5714,3466,
160,14336,0.8247,1.0,78.95,15,0.0,0.6,3481,
161,14432,0.7992,1.0,53.33,16,0.0,0.5625,3533,
162,14488,0.7978,1.0,51.61,16,0.0,0.5625,3572,
163,14504,0.7037,1.0,58.54,24,0.0,0.6667,3581,
164,14512,0.7578,1.0,64.52,20,0.0,0.55,3587,
165,14520,0.6911,1.0,48.0,24,0.0,0.4167,3592,
166,14536,0.7978,1.0,51.61,16,0.0,0.6875,3601,
167,14536,0.7806,1.0,62.07,18,0.0,0.5556,3601,
168,14576,0.8561,1.0,66.67,12,0.0,0.5833,3627,
169,14632,0.7294,1.0,59.46,22,0.0,0.6364,3662,
170,14736,0.7634,1.0,74.07,20,0.0,0.65,3734,
171,14744,0.7606,1.0,68.97,20,0.0,0.55,3737,
172,14752,0.7534,1.0,77.78,21,0.0,0.5714,3743,
173,14768,0.7606,1.0,68.97,20,0.0,0.5,3754,
174,14768,0.795,1.0,48.48,16,0.0,0.5,3754,
175,14800,0.7166,1.0,58.97,23,0.0,0.5652,3774,
176,14816,0.8291,1.0,60.87,14,0.0,0.5714,3783,
177,14848,0.7436,1.0,61.76,21,0.0,0.4762,3801,
178,14928,0.7977,1.0,70.83,17,0.0,0.5882,3859,
179,14944,0.7977,1.0,70.83,17,0.0,0.4118,3870,
180,14944,0.8163,1.0,60.0,15,0.0,0.4667,3870,
181,14952,0.8475,1.0,76.47,13,0.0,0.3846,3874,
182,14968,0.8263,1.0,56.0,14,0.0,0.5714,3883,
183,15056,0.7748,1.0,73.08,19,0.0,0.5789,3941,
184,15104,0.6623,1.0,66.67,28,0.0,0.6429,3970,
185,15104,0.8305,1.0,63.64,14,0.0,0.5,3970,
186,15160,0.7834,1.0,66.67,18,0.0,0.5556,4002,
187,15168,0.8617,1.0,85.71,12,0.0,0.6667,4005,
188,15224,0.7722,1.0,51.43,18,0.0,0.5,4037,
189,15224,0.7836,1.0,50.0,17,0.0,0.5294,4037,
190,15248,0.5527,1.0,66.07,37,0.0,0.8649,4055,
191,15264,0.7694,1.0,48.65,18,0.0,0.4444,4062,
192,15304,0.8761,1.0,55.56,10,0.0,0.6,4088,
193,15312,0.8561,1.0,66.67,12,0.0,0.6667,4092,
194,15312,0.8248,1.0,53.85,14,0.0,0.5,4092,
195,15392,0.8119,1.0,76.19,16,0.0,0.625,4150,
196,15448,0.8191,1.0,65.22,15,0.0,0.6,4185,
197,15456,0.5995,1.0,77.27,34,0.0,0.8529,4190,
198,15488,0.8091,1.0,69.57,16,0.0,0.5625,4214,
199,15504,0.8077,1.0,66.67,16,0.0,0.625,4226,
200,15576,0.775,1.0,54.55,18,0.0,0.4444,4264,
201,15584,0.6623,1.0,66.67,28,0.0,0.6429,4269,
202,15600,0.6553,1.0,59.57,28,0.0,0.5714,4275,
203,15608,0.8347,1.0,73.68,14,0.0,0.5714,4281,
204,15640,0.7578,1.0,64.52,20,0.0,0.55,4307,
205,15720,0.7536,1.0,58.82,20,0.0,0.5,4361,
206,15728,0.792,1.0,60.71,17,0.0,0.5294,4366,
207,15752,0.775,1.0,54.55,18,0.0,0.5556,4381,
208,15784,0.8163,1.0,60.0,15,0.0,0.5333,4398,
209,15800,0.792,1.0,60.71,17,0.0,0.5882,4407,
210,15800,0.8233,1.0,75.0,15,0.0,0.4667,4407,
211,15832,0.7706,1.0,65.52,19,0.0,0.6842,4427,
212,15840,0.7606,1.0,68.97,20,0.0,0.6,4431,
213,15856,0.8689,1.0,68.75,11,0.0,0.5455,4442,
214,15904,0.8603,1.0,80.0,12,0.0,0.5,4477,
215,15928,0.8248,1.0,53.85,14,0.0,0.6429,4494,
216,15960,0.7848,1.0,69.23,18,0.0,0.7222,4518,
217,15992,0.8275,1.0,88.24,15,0.0,0.5333,4540,
218,16000,0.8319,1.0,66.67,14,0.0,0.5714,4545,
219,16008,0.8048,1.0,61.54,16,0.0,0.625,4550,
220,16016,0.7634,1.0,74.07,20,0.0,0.65,4555,
221,16072,0.7806,1.0,62.07,18,0.0,0.4444,4593,
222,16080,0.8603,1.0,80.0,12,0.0,0.6667,4598,
223,16096,0.9145,1.0,58.33,7,0.0,0.5714,4610,
224,16096,0.8619,1.0,52.38,11,0.0,0.5455,4610,
225,16144,0.7492,1.0,70.0,21,0.0,0.5238,4643,
226,16176,0.8033,1.0,85.0,17,0.0,0.5294,4662,
227,16200,0.8148,1.0,57.69,15,0.0,0.4667,4677,
228,16240,0.8219,1.0,71.43,15,0.0,0.5333,4701,
229,16304,0.792,1.0,60.71,17,0.0,0.5294,4744,
230,16304,0.8048,1.0,61.54,16,0.0,0.625,4744,
231,16320,0.7066,1.0,61.54,24,0.0,0.625,4754,
232,16336,0.8845,1.0,83.33,10,0.0,0.6,4767,
233,16360,0.745,1.0,63.64,21,0.0,0.619,4780,
234,16368,0.782,1.0,64.29,18,0.0,0.5556,4785,
235,16424,0.7878,1.0,54.84,17,0.0,0.5882,4817,
236,16488,0.7008,1.0,69.44,25,0.0,0.6,4864,
237,16528,0.8048,1.0,61.54,16,0.0,0.625,4888,
238,16536,0.7706,1.0,65.52,19,0.0,0.5263,4893,
239,16568,0.7806,1.0,62.07,18,0.0,0.5556,4911,
240,16584,0.7834,1.0,66.67,18,0.0,0.5,4924,
241,16648,0.8433,1.0,65.0,13,0.0,0.5385,4963,
242,16672,0.7066,1.0,61.54,24,0.0,0.5417,4980,
243,16672,0.8461,1.0,72.22,13,0.0,0.5385,4980,
244,16680,0.7364,1.0,68.75,22,0.0,0.6364,4985,
245,16744,0.5841,1.0,61.82,34,0.0,0.6765,5027,
246,16792,0.782,1.0,64.29,18,0.0,0.5556,5056,
247,16800,0.8347,1.0,73.68,14,0.0,0.4286,5060,
248,16840,0.8319,1.0,66.67,14,0.0,0.6429,5085,
249,16848,0.7066,1.0,61.54,24,0.0,0.625,5089,
250,16888,0.7748,1.0,73.08,19,0.0,0.6842,5118,
251,16896,0.7266,1.0,56.41,22,0.0,0.3182,5123,
252,16912,0.7892,1.0,56.67,17,0.0,0.5294,5136,
253,16968,0.782,1.0,64.29,18,0.0,0.6111,5171,
254,16976,0.8391,1.0,56.52,13,0.0,0.4615,5175,
255,17032,0.7877,1.0,75.0,18,0.0,0.6667,5210,
256,17040,0.8077,1.0,66.67,16,0.0,0.5625,5216,
257,17040,0.7492,1.0,70.0,21,0.0,0.7143,5216,
258,17040,0.8761,1.0,55.56,10,0.0,0.4,5216,
259,17064,0.8447,1.0,68.42,13,0.0,0.4615,5226,
260,17112,0.8561,1.0,66.67,12,0.0,0.5833,5258,
261,17136,0.7978,1.0,51.61,16,0.0,0.5,5273,
262,17176,0.8461,1.0,72.22,13,0.0,0.5385,5303,
263,17192,0.7934,1.0,62.96,17,0.0,0.5882,5310,
264,17208,0.8361,1.0,77.78,14,0.0,0.5714,5321,
265,17248,0.7848,1.0,69.23,18,0.0,0.6111,5345,
266,17256,0.8034,1.0,59.26,16,0.0,0.6875,5350,
267,17264,0.772,1.0,67.86,19,0.0,0.6316,5356,
268,17344,0.8248,1.0,53.85,14,0.0,0.5714,5404,
269,17368,0.7864,1.0,53.12,17,0.0,0.5294,5419,
270,17376,0.8191,1.0,65.22,15,0.0,0.7333,5424,
271,17392,0.8234,1.0,51.85,14,0.0,0.5714,5434,
272,17432,0.752,1.0,75.0,21,0.0,0.6667,5458,
273,17488,0.8361,1.0,77.78,14,0.0,0.6429,5500,
274,17504,0.7678,1.0,61.29,19,0.0,0.6316,5510,
275,17528,0.8347,1.0,73.68,14,0.0,0.6429,5526,
276,17528,0.7322,1.0,62.86,22,0.0,0.5909,5526,
277,17560,0.7977,1.0,70.83,17,0.0,0.5294,5550,
278,17568,0.8375,1.0,82.35,14,0.0,0.5714,5555,
279,17592,0.7337,1.0,51.22,21,0.0,0.3333,5573,
280,17592,0.8063,1.0,64.0,16,0.0,0.625,5573,
281,17632,0.8389,1.0,87.5,14,0.0,0.5714,5603,
282,17664,0.8575,1.0,70.59,12,0.0,0.5833,5625,
283,17680,0.8177,1.0,62.5,15,0.0,0.6,5635,
284,17704,0.8105,1.0,72.73,16,0.0,0.5,5653,
285,17712,0.8361,1.0,77.78,14,0.0,0.5714,5657,
286,17768,0.8005,1.0,77.27,17,0.0,0.6471,5701,
287,17776,0.7991,1.0,73.91,17,0.0,0.7059,5705,
288,17824,0.7977,1.0,70.83,17,0.0,0.5294,5737,
289,17824,0.745,1.0,63.64,21,0.0,0.5714,5737,
290,17840,0.8233,1.0,75.0,15,0.0,0.5333,5748,
291,17856,0.8347,1.0,73.68,14,0.0,0.5714,5758,
292,17872,0.8148,1.0,57.69,15,0.0,0.5333,5768,
293,17912,0.7662,1.0,80.0,20,0.0,0.65,5797,
294,17960,0.7877,1.0,75.0,18,0.0,0.7222,5833,
295,18000,0.8461,1.0,72.22,13,0.0,0.5385,5861,
296,18008,0.7891,1.0,78.26,18,0.0,0.6667,5867,
297,18032,0.7564,1.0,62.5,20,0.0,0.5,5886,
298,18048,0.7748,1.0,73.08,19,0.0,0.5789,5895,
299,18056,0.7606,1.0,68.97,20,0.0,0.6,5900,
300,18152,0.8261,1.0,83.33,15,0.0,0.5333,5969,
301,18184,0.7991,1.0,73.91,17,0.0,0.7059,5991,
302,18200,0.7508,1.0,55.56,20,0.0,0.6,6005,
303,18208,0.6523,1.0,69.05,29,0.0,0.7586,6009,
304,18208,0.8633,1.0,55.0,11,0.0,0.5455,6009,
305,18208,0.8247,1.0,78.95,15,0.0,0.6,6009,
306,18208,0.8105,1.0,72.73,16,0.0,0.5625,6009,
307,18256,0.6794,1.0,72.97,27,0.0,0.7037,6039,
308,18312,0.8817,1.0,71.43,10,0.0,0.5,6081,
309,18352,0.7662,1.0,80.0,20,0.0,0.65,6105,
310,18360,0.8547,1.0,63.16,12,0.0,0.6667,6112,
311,18376,0.8119,1.0,76.19,16,0.0,0.5,6118,
312,18408,0.8163,1.0,60.0,15,0.0,0.6667,6140,
313,18416,0.7606,1.0,68.97,20,0.0,0.65,6146,
314,18432,0.782,1.0,64.29,18,0.0,0.5556,6158,
315,18440,0.8191,1.0,65.22,15,0.0,0.4667,6165,
316,18528,0.7534,1.0,77.78,21,0.0,0.7143,6230,
317,18544,0.8589,1.0,75.0,12,0.0,0.6667,6237,
318,18552,0.8305,1.0,63.64,14,0.0,0.6429,6243,
319,18576,0.7934,1.0,62.96,17,0.0,0.4118,6265,
320,18592,0.7592,1.0,66.67,20,0.0,0.6,6275,
321,18608,0.7963,1.0,68.0,17,0.0,0.5294,6286,
322,18648,0.7534,1.0,77.78,21,0.0,0.619,6313,
323,18680,0.8575,1.0,70.59,12,0.0,0.4167,6336,
324,18688,0.7778,1.0,58.06,18,0.0,0.3333,6341,
325,18704,0.8105,1.0,72.73,16,0.0,0.3125,6353,
326,18728,0.8375,1.0,82.35,14,0.0,0.2857,6368,
327,18752,0.8831,1.0,76.92,10,0.0,0.8,6387,
328,18776,0.7963,1.0,68.0,17,0.0,0.4118,6403,
329,18776,0.762,1.0,71.43,20,0.0,0.3,6403,
330,18840,0.7506,1.0,72.41,21,0.0,0.4286,6453,
331,18872,0.8191,1.0,65.22,15,0.0,0.4,6474,
332,18880,0.7863,1.0,72.0,18,0.0,0.5,6480,
333,18904,0.8489,1.0,81.25,13,0.0,0.3846,6495,
334,18904,0.7805,1.0,86.36,19,0.0,0.4737,6495,
335,18904,0.8063,1.0,64.0,16,0.0,0.5,6495,
336,18936,0.7991,1.0,73.91,17,0.0,0.6471,6519,
337,19000,0.8503,1.0,86.67,13,0.0,0.4615,6569,
338,19000,0.802,1.0,57.14,16,0.0,0.6875,6569,
339,19008,0.8219,1.0,71.43,15,0.0,0.5333,6575,
340,19064,0.8389,1.0,87.5,14,0.0,0.6429,6620,
341,19080,0.7648,1.0,76.92,20,0.0,0.5,6632,
342,19104,0.7762,1.0,76.0,19,0.0,0.5263,6649,
343,19112,0.7648,1.0,76.92,20,0.0,0.35,6654,
344,19128,0.8389,1.0,87.5,14,0.0,0.5714,6665,
345,19136,0.8475,1.0,76.47,13,0.0,0.4615,6671,
346,19144,0.7592,1.0,66.67,20,0.0,0.25,6676,
347,19168,0.8033,1.0,85.0,17,0.0,0.4706,6693,
348,19264,0.7762,1.0,76.0,19,0.0,0.3684,6764,
349,19264,0.8389,1.0,87.5,14,0.0,0.4286,6764,
350,19296,0.7834,1.0,66.67,18,0.0,0.6111,6786,
351,19304,0.7863,1.0,72.0,18,0.0,0.4444,6792,
352,19312,0.8091,1.0,69.57,16,0.0,0.625,6798,
353,19320,0.7848,1.0,69.23,18,0.0,0.5556,6805,
354,19344,0.8205,1.0,68.18,15,0.0,0.5333,6826,
355,19440,0.8689,1.0,68.75,11,0.0,0.7273,6899,
356,19472,0.8019,1.0,80.95,17,0.0,0.2941,6924,
357,19472,0.8005,1.0,77.27,17,0.0,0.5294,6924,
358,19496,0.8205,1.0,68.18,15,0.0,0.5333,6943,
359,19496,0.8147,1.0,84.21,16,0.0,0.4375,6943,
360,19496,0.7206,1.0,82.76,24,0.0,0.375,6943,
361,19520,0.7364,1.0,68.75,22,0.0,0.4091,6956,
362,19576,0.8475,1.0,76.47,13,0.0,0.4615,7001,
363,19624,0.8647,1.0,57.89,11,0.0,0.6364,7039,
364,19656,0.8033,1.0,85.0,17,0.0,0.5294,7065,
365,19664,0.8019,1.0,80.95,17,0.0,0.5882,7072,
366,19664,0.7777,1.0,79.17,19,0.0,0.6842,7072,
367,19680,0.7791,1.0,82.61,19,0.0,0.6316,7082,
368,19696,0.8005,1.0,77.27,17,0.0,0.6471,7095,
369,19720,0.3602,1.0,75.0,54,0.0,0.9259,7115,
370,19752,0.8005,1.0,77.27,17,0.0,0.5294,7137,
371,19800,0.8261,1.0,83.33,15,0.0,0.5333,7176,
372,19808,0.7891,1.0,78.26,18,0.0,0.5556,7181,
373,19832,0.7919,1.0,85.71,18,0.0,0.7222,7199,
374,19848,0.8219,1.0,71.43,15,0.0,0.5333,7212,
375,19880,0.7534,1.0,77.78,21,0.0,0.619,7237,
376,19896,0.7562,1.0,84.0,21,0.0,0.619,7247,
377,19904,0.7991,1.0,73.91,17,0.0,0.6471,7253,
378,19968,0.7933,1.0,90.0,18,0.0,0.6667,7300,
379,19976,0.8005,1.0,77.27,17,0.0,0.7059,7306,
380,20016,0.8617,1.0,85.71,12,0.0,0.6667,7331,
381,20032,0.7863,1.0,72.0,18,0.0,0.6111,7345,
382,20040,0.8461,1.0,72.22,13,0.0,0.6923,7349,
383,20048,0.8163,1.0,60.0,15,0.0,0.4667,7354,
384,20056,0.8105,1.0,72.73,16,0.0,0.625,7359,
385,20064,0.7166,1.0,58.97,23,0.0,0.6522,7365,
386,20152,0.8091,1.0,69.57,16,0.0,0.625,7436,
387,20152,0.7905,1.0,81.82,18,0.0,0.6111,7436,
388,20176,0.8703,1.0,73.33,11,0.0,0.5455,7454,
389,20176,0.8333,1.0,70.0,14,0.0,0.6429,7454,
390,20184,0.8503,1.0,86.67,13,0.0,0.5385,7459,
391,20200,0.7919,1.0,85.71,18,0.0,0.6667,7472,
392,20224,0.8105,1.0,72.73,16,0.0,0.5625,7487,
393,20248,0.7948,1.0,65.38,17,0.0,0.6471,7503,
394,20304,0.8489,1.0,81.25,13,0.0,0.6923,7546,
395,20336,0.8347,1.0,73.68,14,0.0,0.5,7569,
396,20336,0.8091,1.0,69.57,16,0.0,0.4375,7569,
397,20352,0.8005,1.0,77.27,17,0.0,0.7647,7580,
398,20376,0.8489,1.0,81.25,13,0.0,0.5385,7598,
399,20376,0.782,1.0,64.29,18,0.0,0.5556,7598,
400,20392,0.8177,1.0,62.5,15,0.0,0.6,7608,
401,20416,0.7877,1.0,75.0,18,0.0,0.7222,7628,
402,20440,0.8831,1.0,76.92,10,0.0,0.6,7650,
403,20464,0.8333,1.0,70.0,14,0.0,0.5714,7671,
404,20480,0.8589,1.0,75.0,12,0.0,0.75,7682,
405,20520,0.8261,1.0,83.33,15,0.0,0.6667,7714,
406,20520,0.8161,1.0,88.89,16,0.0,0.5625,7714,
407,20536,0.8261,1.0,83.33,15,0.0,0.6667,7726,
408,20568,0.8589,1.0,75.0,12,0.0,0.5,7748,
409,20576,0.8917,1.0,64.29,9,0.0,0.5556,7754,
410,20600,0.7891,1.0,78.26,18,0.0,0.6667,7771,
411,20624,0.8161,1.0,88.89,16,0.0,0.5625,7791,
412,20648,0.6566,1.0,74.36,29,0.0,0.7241,7808,
413,20688,0.8803,1.0,66.67,10,0.0,0.6,7835,
414,20704,0.7791,1.0,82.61,19,0.0,0.6316,7850,
415,20736,0.7462,1.0,88.0,22,0.0,0.5909,7875,
416,20760,0.7392,1.0,73.33,22,0.0,0.6364,7894,
417,20768,0.7877,1.0,75.0,18,0.0,0.7222,7900,
418,20792,0.8361,1.0,77.78,14,0.0,0.6429,7921,
419,20800,0.8745,1.0,91.67,11,0.0,0.5455,7927,
420,20808,0.8191,1.0,65.22,15,0.0,0.6,7934,
421,20816,0.7634,1.0,74.07,20,0.0,0.65,7938,
422,20880,0.8717,1.0,78.57,11,0.0,0.5455,7989,
423,20880,0.7877,1.0,75.0,18,0.0,0.6111,7989,
424,20896,0.8333,1.0,70.0,14,0.0,0.5,8001,
425,20928,0.8219,1.0,71.43,15,0.0,0.4,8025,
426,20952,0.8033,1.0,85.0,17,0.0,0.6471,8043,
427,20960,0.8247,1.0,78.95,15,0.0,0.6667,8048,
428,20976,0.8133,1.0,80.0,16,0.0,0.5625,8060,
429,21000,0.8831,1.0,76.92,10,0.0,0.6,8080,
430,21040,0.7933,1.0,90.0,18,0.0,0.6667,8108,
431,21096,0.7634,1.0,74.07,20,0.0,0.65,8153,
432,21128,0.7963,1.0,68.0,17,0.0,0.5882,8178,
433,21152,0.8005,1.0,77.27,17,0.0,0.6471,8199,
434,21160,0.8533,1.0,60.0,12,0.0,0.5833,8204,
435,21176,0.752,1.0,75.0,21,0.0,0.7143,8216,
436,21176,0.7334,1.0,85.19,23,0.0,0.6957,8216,
437,21216,0.5383,1.0,75.0,39,0.0,0.8205,8248,
438,21216,0.8503,1.0,86.67,13,0.0,0.6154,8248,
439,21232,0.7677,1.0,83.33,20,0.0,0.65,8259,
440,21312,0.7791,1.0,82.61,19,0.0,0.6316,8322,
441,21344,0.8091,1.0,69.57,16,0.0,0.5625,8347,
442,21352,0.7662,1.0,80.0,20,0.0,0.55,8350,
443,21352,0.8375,1.0,82.35,14,0.0,0.6429,8350,
444,21360,0.7791,1.0,82.61,19,0.0,0.5789,8355,
445,21392,0.7534,1.0,77.78,21,0.0,0.619,8381,
446,21400,0.7691,1.0,86.96,20,0.0,0.7,8385,
447,21416,0.8191,1.0,65.22,15,0.0,0.6,8396,
448,21520,0.8048,1.0,61.54,16,0.0,0.5,8488,
449,21520,0.8119,1.0,76.19,16,0.0,0.5625,8488,
450,21536,0.7805,1.0,86.36,19,0.0,0.5263,8500,
451,21544,0.7662,1.0,80.0,20,0.0,0.65,8505,
452,21560,0.7548,1.0,80.77,21,0.0,0.6667,8517,
453,21592,0.7605,1.0,95.45,21,0.0,0.6667,8544,
454,21616,0.752,1.0,75.0,21,0.0,0.619,8560,
455,21664,0.725,1.0,69.7,23,0.0,0.6087,8601,
456,21696,0.7705,1.0,90.91,20,0.0,0.65,8629,
457,21704,0.8617,1.0,85.71,12,0.0,0.5,8636,
458,21712,0.8147,1.0,84.21,16,0.0,0.5625,8641,
459,21720,0.7905,1.0,81.82,18,0.0,0.6667,8648,
460,21744,0.732,1.0,82.14,23,0.0,0.5652,8664,
461,21760,0.752,1.0,75.0,21,0.0,0.619,8673,
462,21784,0.8119,1.0,76.19,16,0.0,0.625,8691,
463,21856,0.8475,1.0,76.47,13,0.0,0.3846,8750,
464,21864,0.8119,1.0,76.19,16,0.0,0.625,8756,
465,21872,0.8333,1.0,70.0,14,0.0,0.6429,8762,
466,21872,0.7748,1.0,73.08,19,0.0,0.6842,8762,
467,21880,0.8005,1.0,77.27,17,0.0,0.5882,8768,
468,21888,0.8731,1.0,84.62,11,0.0,0.4545,8773,
469,21904,0.8433,1.0,65.0,13,0.0,0.6154,8785,
470,21912,0.8147,1.0,84.21,16,0.0,0.6875,8791,
471,21992,0.8275,1.0,88.24,15,0.0,0.6667,8855,
472,22016,0.8275,1.0,88.24,15,0.0,0.5333,8875,
473,22016,0.8361,1.0,77.78,14,0.0,0.6429,8875,
474,22024,0.8133,1.0,80.0,16,0.0,0.6875,8881,
475,22040,0.7947,1.0,94.74,18,0.0,0.5556,8895,
476,22072,0.7919,1.0,85.71,18,0.0,0.5556,8922,
477,22088,0.7734,1.0,70.37,19,0.0,0.5789,8933,
478,22104,0.8077,1.0,66.67,16,0.0,0.8125,8945,
479,22192,0.7805,1.0,86.36,19,0.0,0.5789,9014,
480,22200,0.7591,1.0,91.3,21,0.0,0.6667,9021,
481,22208,0.7534,1.0,77.78,21,0.0,0.5714,9027,
482,22216,0.8077,1.0,66.67,16,0.0,0.625,9032,
483,22264,0.7833,1.0,95.0,19,0.0,0.6842,9076,
484,22272,0.7606,1.0,68.97,20,0.0,0.6,9082,
485,22280,0.7548,1.0,80.77,21,0.0,0.619,9088,
486,22288,0.8859,1.0,90.91,10,0.0,0.6,9094,
487,22288,0.7562,1.0,84.0,21,0.0,0.6667,9094,
488,22352,0.8133,1.0,80.0,16,0.0,0.5625,9144,
489,22368,0.8247,1.0,78.95,15,0.0,0.6667,9157,
490,22376,0.8219,1.0,71.43,15,0.0,0.6,9163,
491,22416,0.8689,1.0,68.75,11,0.0,0.6364,9197,
492,22416,0.8261,1.0,83.33,15,0.0,0.6,9197,
493,22440,0.8247,1.0,78.95,15,0.0,0.4667,9214,
494,22440,0.7805,1.0,86.36,19,0.0,0.6842,9214,
495,22472,0.7777,1.0,79.17,19,0.0,0.7368,9244,
496,22488,0.8617,1.0,85.71,12,0.0,0.6667,9259,
497,22512,0.8033,1.0,85.0,17,0.0,0.4706,9279,
498,22528,0.8033,1.0,85.0,17,0.0,0.5294,9293,
499,22536,0.8745,1.0,91.67,11,0.0,0.4545,9299,
500,22560,0.8061,1.0,94.44,17,0.0,0.6471,9319,
501,22592,0.7705,1.0,90.91,20,0.0,0.7,9344,
502,22592,0.8603,1.0,80.0,12,0.0,0.3333,9344,
503,22616,0.8489,1.0,81.25,13,0.0,0.6923,9362,
504,22664,0.742,1.0,78.57,22,0.0,0.6818,9401,
505,22696,0.7691,1.0,86.96,20,0.0,0.65,9426,
506,22720,0.8077,1.0,66.67,16,0.0,0.5,9444,
507,22720,0.7991,1.0,73.91,17,0.0,0.4706,9444,
508,22728,0.8175,1.0,94.12,16,0.0,0.625,9448,
509,22752,0.7777,1.0,79.17,19,0.0,0.5789,9469,
510,22784,0.7777,1.0,79.17,19,0.0,0.5263,9496,
511,22816,0.7762,1.0,76.0,19,0.0,0.5789,9522,
512,22824,0.8333,1.0,70.0,14,0.0,0.5,9527,
513,22840,0.8261,1.0,83.33,15,0.0,0.7333,9541,
514,22848,0.8289,1.0,93.75,15,0.0,0.6,9547,
515,22880,0.8489,1.0,81.25,13,0.0,0.6923,9572,
516,22904,0.8503,1.0,86.67,13,0.0,0.5385,9591,
517,22928,0.7948,1.0,65.38,17,0.0,0.5294,9609,
518,22928,0.7562,1.0,84.0,21,0.0,0.619,9609,
519,22952,0.8689,1.0,68.75,11,0.0,0.6364,9624,
520,22992,0.8247,1.0,78.95,15,0.0,0.5333,9657,
521,23040,0.7977,1.0,70.83,17,0.0,0.5882,9697,
522,23048,0.8161,1.0,88.89,16,0.0,0.625,9702,
523,23064,0.7378,1.0,70.97,22,0.0,0.5909,9711,
524,23072,0.8161,1.0,88.89,16,0.0,0.625,9717,
525,23080,0.8247,1.0,78.95,15,0.0,0.7333,9723,
526,23104,0.742,1.0,78.57,22,0.0,0.6364,9743,
527,23144,0.7677,1.0,83.33,20,0.0,0.6,9777,
528,23168,0.8105,1.0,72.73,16,0.0,0.5,9799,
529,23176,0.8689,1.0,68.75,11,0.0,0.3636,9806,
530,23200,0.8689,1.0,68.75,11,0.0,0.4545,9826,
531,23216,0.7947,1.0,94.74,18,0.0,0.6667,9840,
532,23216,0.8005,1.0,77.27,17,0.0,0.5294,9840,
533,23240,0.8475,1.0,76.47,13,0.0,0.5385,9856,
534,23240,0.7933,1.0,90.0,18,0.0,0.6111,9856,
535,23312,0.7819,1.0,90.48,19,0.0,0.6316,9918,
536,23312,0.8375,1.0,82.35,14,0.0,0.5714,9918,
537,23328,0.8233,1.0,75.0,15,0.0,0.6,9929,
538,23336,0.8175,1.0,94.12,16,0.0,0.5625,9935,
539,23352,0.8375,1.0,82.35,14,0.0,0.5,9947,
540,23376,0.8333,1.0,70.0,14,0.0,0.5714,9968,
541,23392,0.8347,1.0,73.68,14,0.0,0.5714,9977,
542,23408,0.8019,1.0,80.95,17,0.0,0.7059,9990,
543,23432,0.8403,1.0,93.33,14,0.0,0.5,10013,
544,23496,0.8161,1.0,88.89,16,0.0,0.4375,10065,
545,23496,0.7919,1.0,85.71,18,0.0,0.6111,10065,
546,23504,0.7819,1.0,90.48,19,0.0,0.6842,10070,
547,23536,0.8361,1.0,77.78,14,0.0,0.5,10096,
548,23544,0.7406,1.0,75.86,22,0.0,0.6818,10101,
549,23560,0.7891,1.0,78.26,18,0.0,0.6667,10113,
550,23584,0.7805,1.0,86.36,19,0.0,0.6316,10132,
551,23640,0.8048,1.0,61.54,16,0.0,0.6875,10173,
552,23664,0.8233,1.0,75.0,15,0.0,0.4667,10190,
553,23688,0.8247,1.0,78.95,15,0.0,0.5333,10211,
554,23688,0.8261,1.0,83.33,15,0.0,0.5333,10211,
555,23696,0.8063,1.0,64.0,16,0.0,0.625,10217,
556,23704,0.7748,1.0,73.08,19,0.0,0.5789,10224,
557,23712,0.8247,1.0,78.95,15,0.0,0.6667,10229,
558,23776,0.8375,1.0,82.35,14,0.0,0.6429,10280,
559,23808,0.8503,1.0,86.67,13,0.0,0.5385,10305,
560,23824,0.8603,1.0,80.0,12,0.0,0.5833,10318,
561,23832,0.8019,1.0,80.95,17,0.0,0.5294,10323,
562,23856,0.8033,1.0,85.0,17,0.0,0.6471,10341,
563,23864,0.8147,1.0,84.21,16,0.0,0.6875,10346,
564,23896,0.8348,1.0,50.0,13,0.0,0.4615,10371,
565,23928,0.8347,1.0,73.68,14,0.0,0.5,10395,
566,23944,0.5981,1.0,75.56,34,0.0,0.7647,10408,
567,23960,0.8047,1.0,89.47,17,0.0,0.5294,10421,
568,23960,0.8375,1.0,82.35,14,0.0,0.6429,10421,
569,23960,0.8831,1.0,76.92,10,0.0,0.5,10421,
570,23984,0.8603,1.0,80.0,12,0.0,0.5833,10438,
571,24016,0.7891,1.0,78.26,18,0.0,0.6667,10465,
572,24040,0.8517,1.0,92.86,13,0.0,0.5385,10486,
573,24056,0.8133,1.0,80.0,16,0.0,0.6875,10499,
574,24064,0.8831,1.0,76.92,10,0.0,0.5,10506,
575,24080,0.8403,1.0,93.33,14,0.0,0.5,10519,
576,24096,0.8675,1.0,64.71,11,0.0,0.7273,10532,
577,24128,0.8361,1.0,77.78,14,0.0,0.5,10556,
578,24168,0.8389,1.0,87.5,14,0.0,0.6429,10593,
579,24168,0.732,1.0,82.14,23,0.0,0.6087,10593,
580,24176,0.8033,1.0,85.0,17,0.0,0.5294,10599,
581,24200,0.8375,1.0,82.35,14,0.0,0.5714,10620,
582,24208,0.8147,1.0,84.21,16,0.0,0.625,10626,
583,24240,0.8161,1.0,88.89,16,0.0,0.6875,10651,
584,24256,0.8105,1.0,72.73,16,0.0,0.6875,10660,
585,24272,0.8831,1.0,76.92,10,0.0,0.6,10672,
586,24328,0.7662,1.0,80.0,20,0.0,0.65,10715,
587,24336,0.8019,1.0,80.95,17,0.0,0.5294,10722,
588,24352,0.8105,1.0,72.73,16,0.0,0.625,10732,
589,24384,0.8689,1.0,68.75,11,0.0,0.4545,10758,
590,24432,0.7606,1.0,68.97,20,0.0,0.7,10796,
591,24432,0.732,1.0,82.14,23,0.0,0.6957,10796,
592,24456,0.7634,1.0,74.07,20,0.0,0.5,10814,
593,24472,0.7662,1.0,80.0,20,0.0,0.55,10827,
594,24480,0.8745,1.0,91.67,11,0.0,0.6364,10833,
595,24528,0.8105,1.0,72.73,16,0.0,0.75,10876,
596,24536,0.7648,1.0,76.92,20,0.0,0.55,10882,
597,24536,0.7562,1.0,84.0,21,0.0,0.6667,10882,
598,24568,0.8375,1.0,82.35,14,0.0,0.6429,10907,
599,24592,0.8503,1.0,86.67,13,0.0,0.6154,10926,
600,24592,0.8233,1.0,75.0,15,0.0,0.6,10926,
601,24616,0.7933,1.0,90.0,18,0.0,0.6667,10945,
602,24624,0.8261,1.0,83.33,15,0.0,0.6667,10951,
603,24664,0.8689,1.0,68.75,11,0.0,0.4545,10986,
604,24664,0.8489,1.0,81.25,13,0.0,0.5385,10986,
605,24672,0.8361,1.0,77.78,14,0.0,0.5714,10991,
606,24736,0.8503,1.0,86.67,13,0.0,0.6154,11044,
607,24744,0.7905,1.0,81.82,18,0.0,0.6111,11051,
608,24768,0.8261,1.0,83.33,15,0.0,0.4667,11070,
609,24800,0.7448,1.0,84.62,22,0.0,0.5909,11100,
610,24808,0.7734,1.0,70.37,19,0.0,0.5263,11106,
611,24816,0.7947,1.0,94.74,18,0.0,0.6667,11113,
612,24840,0.7905,1.0,81.82,18,0.0,0.6111,11133,
613,24864,0.8489,1.0,81.25,13,0.0,0.6923,11151,
614,24864,0.7477,1.0,91.67,22,0.0,0.6818,11151,
615,24880,0.8275,1.0,88.24,15,0.0,0.5333,11162,
616,24896,0.8289,1.0,93.75,15,0.0,0.6667,11173,
617,24968,0.7933,1.0,90.0,18,0.0,0.6111,11233,
618,25000,0.8603,1.0,80.0,12,0.0,0.75,11259,
619,25016,0.8005,1.0,77.27,17,0.0,0.5294,11273,
620,25016,0.7762,1.0,76.0,19,0.0,0.6316,11273,
621,25024,0.8133,1.0,80.0,16,0.0,0.5625,11277,
622,25024,0.782,1.0,64.29,18,0.0,0.6111,11277,
623,25056,0.7877,1.0,75.0,18,0.0,0.6111,11303,
624,25096,0.8589,1.0,75.0,12,0.0,0.5833,11336,
625,25112,0.7534,1.0,77.78,21,0.0,0.5238,11348,
626,25152,0.8175,1.0,94.12,16,0.0,0.625,11379,
627,25168,0.8247,1.0,78.95,15,0.0,0.6,11393,
628,25168,0.8161,1.0,88.89,16,0.0,0.625,11393,
629,25192,0.8945,1.0,75.0,9,0.0,0.6667,11412,
630,25200,0.7662,1.0,80.0,20,0.0,0.6,11419,
631,25200,0.7805,1.0,86.36,19,0.0,0.6842,11419,
632,25200,0.8461,1.0,72.22,13,0.0,0.5385,11419,
633,25240,0.8859,1.0,90.91,10,0.0,0.5,11453,
634,25256,0.8859,1.0,90.91,10,0.0,0.5,11466,
635,25280,0.8119,1.0,76.19,16,0.0,0.5625,11487,
636,25312,0.8261,1.0,83.33,15,0.0,0.4667,11513,
637,25328,0.8289,1.0,93.75,15,0.0,0.5333,11524,
638,25336,0.8375,1.0,82.35,14,0.0,0.5,11529,
639,25368,0.8319,1.0,66.67,14,0.0,0.5,11556,
640,25368,0.7805,1.0,86.36,19,0.0,0.6842,11556,
641,25400,0.8503,1.0,86.67,13,0.0,0.5385,11582,
642,25424,0.8091,1.0,69.57,16,0.0,0.625,11605,
643,25432,0.7705,1.0,90.91,20,0.0,0.6,11610,
644,25440,0.8617,1.0,85.71,12,0.0,0.6667,11616,
645,25472,0.8233,1.0,75.0,15,0.0,0.5333,11643,
646,25480,0.8517,1.0,92.86,13,0.0,0.5385,11649,
647,25520,0.7791,1.0,82.61,19,0.0,0.6316,11683,
648,25528,0.8033,1.0,85.0,17,0.0,0.7059,11689,
649,25552,0.8147,1.0,84.21,16,0.0,0.6875,11710,
650,25592,0.8133,1.0,80.0,16,0.0,0.5625,11744,
651,25600,0.7905,1.0,81.82,18,0.0,0.6667,11750,
652,25608,0.7719,1.0,95.24,20,0.0,0.65,11756,
653,25616,0.8261,1.0,83.33,15,0.0,0.4667,11763,
654,25648,0.8489,1.0,81.25,13,0.0,0.6923,11788,
655,25680,0.8063,1.0,64.0,16,0.0,0.625,11819,
656,25696,0.8019,1.0,80.95,17,0.0,0.5294,11831,
657,25720,0.8389,1.0,87.5,14,0.0,0.5714,11850,
658,25720,0.8603,1.0,80.0,12,0.0,0.4167,11850,
659,25728,0.7605,1.0,95.45,21,0.0,0.5714,11856,
660,25768,0.8133,1.0,80.0,16,0.0,0.625,11890,
661,25776,0.8589,1.0,75.0,12,0.0,0.5,11896,
662,25800,0.7691,1.0,86.96,20,0.0,0.7,11916,
663,25808,0.8389,1.0,87.5,14,0.0,0.5714,11920,
664,25856,0.8375,1.0,82.35,14,0.0,0.5714,11962,
665,25872,0.8247,1.0,78.95,15,0.0,0.5333,11976,
666,25888,0.7777,1.0,79.17,19,0.0,0.6316,11989,
667,25896,0.8119,1.0,76.19,16,0.0,0.5625,11995,
668,25904,0.8389,1.0,87.5,14,0.0,0.7143,12002,
669,25912,0.8261,1.0,83.33,15,0.0,0.6,12008,
670,25920,0.8403,1.0,93.33,14,0.0,0.5714,12014,
671,25952,0.8061,1.0,94.44,17,0.0,0.7647,12044,
672,26000,0.8517,1.0,92.86,13,0.0,0.5385,12087,
673,26008,0.8247,1.0,78.95,15,0.0,0.6,12094,
674,26056,0.8161,1.0,88.89,16,0.0,0.6875,12136,
675,26056,0.8175,1.0,94.12,16,0.0,0.625,12136,
676,26064,0.7677,1.0,83.33,20,0.0,0.7,12141,
677,26088,0.7477,1.0,91.67,22,0.0,0.7273,12159,
678,26096,0.7877,1.0,75.0,18,0.0,0.5556,12166,
679,26120,0.7819,1.0,90.48,19,0.0,0.6316,12181,
680,26144,0.8461,1.0,72.22,13,0.0,0.6154,12200,
681,26192,0.8575,1.0,70.59,12,0.0,0.5833,12238,
682,26208,0.8347,1.0,73.68,14,0.0,0.4286,12251,
683,26224,0.7734,1.0,70.37,19,0.0,0.5789,12264,
684,26248,0.7891,1.0,78.26,18,0.0,0.6111,12284,
685,26256,0.8019,1.0,80.95,17,0.0,0.6471,12290,
686,26304,0.7933,1.0,90.0,18,0.0,0.6111,12331,
687,26312,0.7777,1.0,79.17,19,0.0,0.5789,12337,
688,26336,0.8717,1.0,78.57,11,0.0,0.5455,12357,
689,26336,0.8461,1.0,72.22,13,0.0,0.6154,12357,
690,26344,0.6978,1.0,83.87,26,0.0,0.7308,12363,
691,26352,0.8261,1.0,83.33,15,0.0,0.6667,12370,
692,26408,0.7947,1.0,94.74,18,0.0,0.6667,12421,
693,26416,0.8119,1.0,76.19,16,0.0,0.4375,12426,
694,26424,0.8617,1.0,85.71,12,0.0,0.5833,12433,
695,26488,0.7791,1.0,82.61,19,0.0,0.6842,12486,
696,26488,0.8047,1.0,89.47,17,0.0,0.6471,12486,
697,26488,0.8175,1.0,94.12,16,0.0,0.625,12486,
698,26504,0.8433,1.0,65.0,13,0.0,0.5385,12494,
699,26520,0.7791,1.0,82.61,19,0.0,0.5789,12508,
700,26528,0.8517,1.0,92.86,13,0.0,0.6154,12514,
701,26544,0.8403,1.0,93.33,14,0.0,0.7143,12528,
702,26624,0.7634,1.0,74.07,20,0.0,0.65,12593,
703,26640,0.8247,1.0,78.95,15,0.0,0.5333,12606,
704,26672,0.7691,1.0,86.96,20,0.0,0.6,12632,
705,26680,0.8047,1.0,89.47,17,0.0,0.6471,12637,
706,26680,0.7877,1.0,75.0,18,0.0,0.7222,12637,
707,26696,0.8005,1.0,77.27,17,0.0,0.5882,12649,
708,26712,0.7548,1.0,80.77,21,0.0,0.7143,12662,
709,26712,0.8119,1.0,76.19,16,0.0,0.5625,12662,
710,26808,0.7919,1.0,85.71,18,0.0,0.6667,12747,
711,26816,0.8275,1.0,88.24,15,0.0,0.6667,12753,
712,26824,0.8289,1.0,93.75,15,0.0,0.6,12760,
713,26824,0.7762,1.0,76.0,19,0.0,0.4737,12760,
714,26824,0.8517,1.0,92.86,13,0.0,0.5385,12760,
715,26832,0.7933,1.0,90.0,18,0.0,0.7222,12765,
716,26848,0.8019,1.0,80.95,17,0.0,0.5882,12777,
717,26872,0.8333,1.0,70.0,14,0.0,0.5714,12797,
718,26936,0.8503,1.0,86.67,13,0.0,0.5385,12856,
719,26976,0.8147,1.0,84.21,16,0.0,0.625,12893,
720,26976,0.7947,1.0,94.74,18,0.0,0.5556,12893,
721,26976,0.8489,1.0,81.25,13,0.0,0.6923,12893,
722,26976,0.8147,1.0,84.21,16,0.0,0.625,12893,
723,27000,0.7577,1.0,87.5,21,0.0,0.619,12913,
724,27016,0.7691,1.0,86.96,20,0.0,0.6,12925,
725,27040,0.7919,1.0,85.71,18,0.0,0.6111,12946,
726,27088,0.8147,1.0,84.21,16,0.0,0.75,12987,
727,27096,0.8703,1.0,73.33,11,0.0,0.5455,12992,
728,27120,0.8261,1.0,83.33,15,0.0,0.6,13011,
729,27144,0.7819,1.0,90.48,19,0.0,0.5789,13034,
730,27144,0.8489,1.0,81.25,13,0.0,0.6154,13034,
731,27160,0.8033,1.0,85.0,17,0.0,0.7059,13045,
732,27184,0.8261,1.0,83.33,15,0.0,0.6,13066,
733,27208,0.8603,1.0,80.0,12,0.0,0.5,13087,
734,27240,0.8361,1.0,77.78,14,0.0,0.5,13115,
735,27264,0.8503,1.0,86.67,13,0.0,0.6923,13135,
736,27280,0.7933,1.0,90.0,18,0.0,0.6667,13149,
737,27280,0.8275,1.0,88.24,15,0.0,0.6667,13149,
738,27304,0.8161,1.0,88.89,16,0.0,0.625,13168,
739,27352,0.8517,1.0,92.86,13,0.0,0.6923,13212,
740,27352,0.8161,1.0,88.89,16,0.0,0.625,13212,
741,27392,0.8717,1.0,78.57,11,0.0,0.3636,13246,
742,27400,0.8503,1.0,86.67,13,0.0,0.6154,13252,
743,27416,0.8147,1.0,84.21,16,0.0,0.6875,13266,
744,27416,0.7206,1.0,82.76,24,0.0,0.7083,13266,
745,27480,0.7805,1.0,86.36,19,0.0,0.6316,13320,
746,27504,0.8147,1.0,84.21,16,0.0,0.625,13342,
747,27504,0.8347,1.0,73.68,14,0.0,0.7143,13342,
748,27512,0.8617,1.0,85.71,12,0.0,0.5833,13348,
749,27512,0.8403,1.0,93.33,14,0.0,0.6429,13348,
750,27528,0.8517,1.0,92.86,13,0.0,0.5385,13359,
751,27536,0.273,1.0,90.0,63,0.0,0.8889,13366,
752,27592,0.8105,1.0,72.73,16,0.0,0.75,13413,
753,27632,0.8503,1.0,86.67,13,0.0,0.6154,13448,
754,27656,0.8161,1.0,88.89,16,0.0,0.4375,13468,
755,27672,0.8019,1.0,80.95,17,0.0,0.5882,13479,
756,27672,0.7977,1.0,70.83,17,0.0,0.5294,13479,
757,27680,0.8247,1.0,78.95,15,0.0,0.6,13484,
758,27704,0.8617,1.0,85.71,12,0.0,0.5,13505,
759,27712,0.7805,1.0,86.36,19,0.0,0.5789,13512,
760,27728,0.732,1.0,82.14,23,0.0,0.7391,13525,
761,27776,0.8061,1.0,94.44,17,0.0,0.5882,13570,
762,27816,0.8375,1.0,82.35,14,0.0,0.6429,13602,
763,27816,0.8161,1.0,88.89,16,0.0,0.6875,13602,
764,27856,0.8047,1.0,89.47,17,0.0,0.5882,13635,
765,27864,0.7548,1.0,80.77,21,0.0,0.5238,13642,
766,27872,0.8033,1.0,85.0,17,0.0,0.6471,13648,
767,27872,0.7462,1.0,88.0,22,0.0,0.7273,13648,
768,27880,0.8147,1.0,84.21,16,0.0,0.625,13654,
769,27928,0.8717,1.0,78.57,11,0.0,0.4545,13692,
770,27984,0.8617,1.0,85.71,12,0.0,0.75,13742,
771,27992,0.7605,1.0,95.45,21,0.0,0.619,13747,
772,28008,0.7506,1.0,72.41,21,0.0,0.4286,13761,
773,28024,0.8845,1.0,83.33,10,0.0,0.6,13773,
774,28040,0.8019,1.0,80.95,17,0.0,0.5294,13785,
775,28040,0.8033,1.0,85.0,17,0.0,0.5882,13785,
776,28064,0.7662,1.0,80.0,20,0.0,0.65,13803,
777,28080,0.742,1.0,78.57,22,0.0,0.6364,13814,
778,28112,0.8589,1.0,75.0,12,0.0,0.6667,13842,
779,28144,0.8347,1.0,73.68,14,0.0,0.5714,13869,
780,28168,0.8389,1.0,87.5,14,0.0,0.5714,13890,
781,28208,0.7919,1.0,85.71,18,0.0,0.6111,13925,
782,28208,0.8389,1.0,87.5,14,0.0,0.5714,13925,
783,28240,0.7134,1.0,92.59,25,0.0,0.68,13948,
784,28240,0.7306,1.0,79.31,23,0.0,0.5652,13948,
785,28240,0.8305,1.0,63.64,14,0.0,0.5,13948,
786,28264,0.8247,1.0,78.95,15,0.0,0.4667,13966,
787,28288,0.8161,1.0,88.89,16,0.0,0.625,13984,
788,28304,0.8375,1.0,82.35,14,0.0,0.5,13998,
789,28352,0.8461,1.0,72.22,13,0.0,0.6154,14043,
790,28368,0.8033,1.0,85.0,17,0.0,0.5882,14056,
791,28392,0.8147,1.0,84.21,16,0.0,0.6875,14075,
792,28400,0.8033,1.0,85.0,17,0.0,0.7647,14081,
793,28416,0.7805,1.0,86.36,19,0.0,0.6316,14093,
794,28424,0.8033,1.0,85.0,17,0.0,0.5882,14099,
795,28448,0.8261,1.0,83.33,15,0.0,0.6,14119,
796,28472,0.8091,1.0,69.57,16,0.0,0.5625,14137,
797,28536,0.7919,1.0,85.71,18,0.0,0.6111,14188,
798,28536,0.7791,1.0,82.61,19,0.0,0.4737,14188,
799,28544,0.8347,1.0,73.68,14,0.0,0.5714,14192,
800,28544,0.8703,1.0,73.33,11,0.0,0.5455,14192,
801,28568,0.8603,1.0,80.0,12,0.0,0.4167,14211,
802,28584,0.8119,1.0,76.19,16,0.0,0.6875,14226,
803,28616,0.7234,1.0,88.89,24,0.0,0.625,14253,
804,28640,0.8731,1.0,84.62,11,0.0,0.5455,14274,
805,28672,0.8289,1.0,93.75,15,0.0,0.6667,14304,
806,28680,0.7648,1.0,76.92,20,0.0,0.65,14309,
807,28680,0.8617,1.0,85.71,12,0.0,0.4167,14309,
808,28712,0.7719,1.0,95.24,20,0.0,0.65,14336,
809,28728,0.7877,1.0,75.0,18,0.0,0.5,14349,
810,28808,0.7577,1.0,87.5,21,0.0,0.619,14417,
811,28816,0.7805,1.0,86.36,19,0.0,0.6842,14424,
812,28824,0.7292,1.0,76.67,23,0.0,0.6522,14427,
813,28840,0.7819,1.0,90.48,19,0.0,0.6316,14440,
814,28848,0.8119,1.0,76.19,16,0.0,0.6875,14446,
815,28848,0.8119,1.0,76.19,16,0.0,0.5,14446,
816,28864,0.8247,1.0,78.95,15,0.0,0.6667,14457,
817,28904,0.7805,1.0,86.36,19,0.0,0.6842,14492,
818,28928,0.8403,1.0,93.33,14,0.0,0.6429,14511,
819,28976,0.7833,1.0,95.0,19,0.0,0.6842,14556,
820,28976,0.8489,1.0,81.25,13,0.0,0.5385,14556,
821,28992,0.8019,1.0,80.95,17,0.0,0.6471,14567,
822,29000,0.8033,1.0,85.0,17,0.0,0.6471,14574,
823,29024,0.8133,1.0,80.0,16,0.0,0.5625,14595,
824,29040,0.7977,1.0,70.83,17,0.0,0.5882,14606,
825,29080,0.7905,1.0,81.82,18,0.0,0.5556,14636,
826,29080,0.8631,1.0,92.31,12,0.0,0.5,14636,
827,29088,0.8033,1.0,85.0,17,0.0,0.5882,14641,
828,29104,0.8731,1.0,84.62,11,0.0,0.6364,14655,
829,29152,0.8305,1.0,63.64,14,0.0,0.5,14696,
830,29160,0.8019,1.0,80.95,17,0.0,0.5882,14703,
831,29184,0.8033,1.0,85.0,17,0.0,0.5882,14724,
832,29208,0.8389,1.0,87.5,14,0.0,0.7143,14745,
833,29224,0.7691,1.0,86.96,20,0.0,0.7,14759,
834,29264,0.7933,1.0,90.0,18,0.0,0.6111,14794,
835,29264,0.7705,1.0,90.91,20,0.0,0.7,14794,
836,29280,0.8803,1.0,66.67,10,0.0,0.5,14806,
837,29296,0.8161,1.0,88.89,16,0.0,0.625,14818,
838,29312,0.7706,1.0,65.52,19,0.0,0.5789,14832,
839,29328,0.8403,1.0,93.33,14,0.0,0.5714,14847,
840,29368,0.7491,1.0,95.65,22,0.0,0.6818,14884,
841,29376,0.8047,1.0,89.47,17,0.0,0.4706,14890,
842,29408,0.8289,1.0,93.75,15,0.0,0.6,14916,
843,29408,0.8817,1.0,71.43,10,0.0,0.5,14916,
844,29416,0.8147,1.0,84.21,16,0.0,0.5625,14921,
845,29440,0.7705,1.0,90.91,20,0.0,0.65,14940,
846,29448,0.8475,1.0,76.47,13,0.0,0.5385,14946,
847,29456,0.8589,1.0,75.0,12,0.0,0.4167,14951,
848,29472,0.8931,1.0,69.23,9,0.0,0.5556,14963,
849,29488,0.8817,1.0,71.43,10,0.0,0.5,14976,
850,29536,0.8589,1.0,75.0,12,0.0,0.5,15016,
851,29536,0.8289,1.0,93.75,15,0.0,0.6,15016,
852,29560,0.8603,1.0,80.0,12,0.0,0.6667,15037,
853,29592,0.8275,1.0,88.24,15,0.0,0.6,15064,
854,29600,0.8517,1.0,92.86,13,0.0,0.5385,15069,
855,29600,0.7891,1.0,78.26,18,0.0,0.5556,15069,
856,29632,0.7691,1.0,86.96,20,0.0,0.65,15096,
857,29656,0.7791,1.0,82.61,19,0.0,0.6316,15119,
858,29656,0.8845,1.0,83.33,10,0.0,0.6,15119,
859,29680,0.8161,1.0,88.89,16,0.0,0.625,15139,
860,29720,0.7791,1.0,82.61,19,0.0,0.6316,15177,
861,29752,0.8503,1.0,86.67,13,0.0,0.5385,15202,
862,29768,0.7819,1.0,90.48,19,0.0,0.6316,15216,
863,29776,0.7591,1.0,91.3,21,0.0,0.7143,15221,
864,29784,0.7691,1.0,86.96,20,0.0,0.65,15226,
865,29800,0.8361,1.0,77.78,14,0.0,0.6429,15241,
866,29816,0.8133,1.0,80.0,16,0.0,0.6875,15254,
867,29848,0.8219,1.0,71.43,15,0.0,0.4667,15278,
868,29872,0.8903,1.0,60.0,9,0.0,0.4444,15295,
869,29872,0.8831,1.0,76.92,10,0.0,0.3,15295,
870,29872,0.8047,1.0,89.47,17,0.0,0.5882,15295,
871,29928,0.8389,1.0,87.5,14,0.0,0.5,15336,
872,29936,0.8347,1.0,73.68,14,0.0,0.4286,15341,
873,29976,0.8033,1.0,85.0,17,0.0,0.5882,15373,
874,29976,0.7762,1.0,76.0,19,0.0,0.5263,15373,
875,30016,0.8261,1.0,83.33,15,0.0,0.6,15409,
876,30056,0.7891,1.0,78.26,18,0.0,0.6667,15440,
877,30064,0.7777,1.0,79.17,19,0.0,0.5789,15447,
878,30072,0.772,1.0,67.86,19,0.0,0.6316,15454,
879,30080,0.8061,1.0,94.44,17,0.0,0.6471,15461,
880,30080,0.8247,1.0,78.95,15,0.0,0.6,15461,
881,30080,0.8831,1.0,76.92,10,0.0,0.5,15461,
882,30104,0.8289,1.0,93.75,15,0.0,0.6667,15481,
883,30152,0.8375,1.0,82.35,14,0.0,0.5,15523,
884,30176,0.8845,1.0,83.33,10,0.0,0.4,15541,
885,30200,0.8503,1.0,86.67,13,0.0,0.6923,15558,
886,30216,0.8133,1.0,80.0,16,0.0,0.6875,15571,
887,30224,0.8861,1.0,50.0,9,0.0,0.3333,15576,
888,30224,0.7947,1.0,94.74,18,0.0,0.6111,15576,
889,30272,0.8119,1.0,76.19,16,0.0,0.6875,15618,
890,30280,0.7334,1.0,85.19,23,0.0,0.6957,15623,
891,30320,0.7819,1.0,90.48,19,0.0,0.5789,15655,
892,30328,0.8617,1.0,85.71,12,0.0,0.5833,15661,
893,30336,0.8475,1.0,76.47,13,0.0,0.5385,15667,
894,30376,0.8047,1.0,89.47,17,0.0,0.5294,15699,
895,30400,0.8603,1.0,80.0,12,0.0,0.5833,15719,
896,30400,0.772,1.0,67.86,19,0.0,0.6842,15719,
897,30416,0.7777,1.0,79.17,19,0.0,0.6316,15731,
898,30424,0.8147,1.0,84.21,16,0.0,0.6875,15737,
899,30456,0.8575,1.0,70.59,12,0.0,0.5,15757,
900,30472,0.8945,1.0,75.0,9,0.0,0.5556,15770,
901,30472,0.8775,1.0,58.82,10,0.0,0.5,15770,
902,30512,0.8517,1.0,92.86,13,0.0,0.4615,15802,
903,30536,0.7648,1.0,76.92,20,0.0,0.6,15822,
904,30544,0.8703,1.0,73.33,11,0.0,0.6364,15829,
905,30568,0.8119,1.0,76.19,16,0.0,0.625,15847,
906,30576,0.8233,1.0,75.0,15,0.0,0.5333,15854,
907,30608,0.8147,1.0,84.21,16,0.0,0.5625,15880,
908,30616,0.8261,1.0,83.33,15,0.0,0.6667,15886,
909,30648,0.8005,1.0,77.27,17,0.0,0.5882,15910,
910,30656,0.8703,1.0,73.33,11,0.0,0.5455,15917,
911,30664,0.8047,1.0,89.47,17,0.0,0.5882,15922,
912,30704,0.8133,1.0,80.0,16,0.0,0.625,15952,
913,30744,0.7719,1.0,95.24,20,0.0,0.65,15985,
914,30752,0.8575,1.0,70.59,12,0.0,0.6667,15989,
915,30760,0.8177,1.0,62.5,15,0.0,0.5333,15996,
916,30760,0.8147,1.0,84.21,16,0.0,0.5625,15996,
917,30792,0.8561,1.0,66.67,12,0.0,0.4167,16025,
918,30800,0.8275,1.0,88.24,15,0.0,0.4667,16031,
919,30848,0.8161,1.0,88.89,16,0.0,0.6875,16074,
920,30848,0.7777,1.0,79.17,19,0.0,0.5263,16074,
921,30880,0.8175,1.0,94.12,16,0.0,0.5,16101,
922,30904,0.8161,1.0,88.89,16,0.0,0.5,16123,
923,30920,0.7919,1.0,85.71,18,0.0,0.5556,16137,
924,30952,0.7577,1.0,87.5,21,0.0,0.619,16161,
925,30976,0.8289,1.0,93.75,15,0.0,0.6,16179,
926,30976,0.8289,1.0,93.75,15,0.0,0.6,16179,
927,30992,0.9159,1.0,63.64,7,0.0,0.2857,16193,
928,30992,0.7477,1.0,91.67,22,0.0,0.6818,16193,
929,31000,0.7848,1.0,69.23,18,0.0,0.6111,16199,
930,31032,0.8973,1.0,90.0,9,0.0,0.5556,16227,
931,31056,0.8275,1.0,88.24,15,0.0,0.6,16248,
932,31096,0.8603,1.0,80.0,12,0.0,0.5,16283,
933,31104,0.762,1.0,71.43,20,0.0,0.65,16289,
934,31128,0.7947,1.0,94.74,18,0.0,0.6667,16308,
935,31136,0.8361,1.0,77.78,14,0.0,0.4286,16315,
936,31136,0.8561,1.0,66.67,12,0.0,0.5,16315,
937,31152,0.8047,1.0,89.47,17,0.0,0.7059,16328,
938,31176,0.8161,1.0,88.89,16,0.0,0.5625,16350,
939,31200,0.8061,1.0,94.44,17,0.0,0.7647,16372,
940,31248,0.8061,1.0,94.44,17,0.0,0.5882,16412,
941,31256,0.8489,1.0,81.25,13,0.0,0.6154,16418,
942,31280,0.7791,1.0,82.61,19,0.0,0.6316,16435,
943,31280,0.8389,1.0,87.5,14,0.0,0.5,16435,
944,31304,0.7919,1.0,85.71,18,0.0,0.6111,16457,
945,31328,0.7577,1.0,87.5,21,0.0,0.6667,16479,
946,31376,0.7805,1.0,86.36,19,0.0,0.6316,16518,
947,31392,0.8717,1.0,78.57,11,0.0,0.6364,16527,
948,31392,0.8261,1.0,83.33,15,0.0,0.5333,16527,
949,31400,0.8161,1.0,88.89,16,0.0,0.625,16531,
950,31400,0.782,1.0,64.29,18,0.0,0.5556,16531,
951,31424,0.8703,1.0,73.33,11,0.0,0.6364,16548,
952,31432,0.8447,1.0,68.42,13,0.0,0.5385,16554,
953,31440,0.8817,1.0,71.43,10,0.0,0.5,16561,
954,31512,0.8475,1.0,76.47,13,0.0,0.5385,16619,
955,31512,0.8703,1.0,73.33,11,0.0,0.5455,16619,
956,31536,0.8261,1.0,83.33,15,0.0,0.6,16638,
957,31544,0.8261,1.0,83.33,15,0.0,0.4667,16645,
958,31544,0.8361,1.0,77.78,14,0.0,0.5,16645,
959,31576,0.8375,1.0,82.35,14,0.0,0.5714,16672,
960,31600,0.7719,1.0,95.24,20,0.0,0.65,16691,
961,31640,0.7534,1.0,77.78,21,0.0,0.5238,16715,
962,31640,0.8589,1.0,75.0,12,0.0,0.5,16715,
963,31664,0.8347,1.0,73.68,14,0.0,0.5,16733,
964,31664,0.8989,1.0,50.0,8,0.0,0.5,16733,
965,31712,0.8019,1.0,80.95,17,0.0,0.5882,16773,
966,31744,0.7562,1.0,84.0,21,0.0,0.6667,16796,
967,31752,0.8147,1.0,84.21,16,0.0,0.5625,16800,
968,31760,0.8603,1.0,80.0,12,0.0,0.5833,16806,
969,31800,0.8275,1.0,88.24,15,0.0,0.5333,16842,
970,31808,0.7806,1.0,62.07,18,0.0,0.3333,16847,
971,31840,0.7963,1.0,68.0,17,0.0,0.4706,16870,
972,31848,0.7991,1.0,73.91,17,0.0,0.5882,16875,
973,31880,0.8603,1.0,80.0,12,0.0,0.5,16899,
974,31896,0.8147,1.0,84.21,16,0.0,0.6875,16913,
975,31920,0.8617,1.0,85.71,12,0.0,0.5,16933,
976,31920,0.8219,1.0,71.43,15,0.0,0.6,16933,
977,31936,0.782,1.0,64.29,18,0.0,0.6111,16944,
978,31960,0.8033,1.0,85.0,17,0.0,0.5294,16960,
979,31968,0.8689,1.0,68.75,11,0.0,0.5455,16965,
980,32008,0.8433,1.0,65.0,13,0.0,0.4615,16998,
981,32016,0.8475,1.0,76.47,13,0.0,0.5385,17004,
982,32064,0.8589,1.0,75.0,12,0.0,0.3333,17042,
983,32072,0.8447,1.0,68.42,13,0.0,0.6154,17048,
984,32104,0.7691,1.0,86.96,20,0.0,0.6,17076,
985,32112,0.7534,1.0,77.78,21,0.0,0.619,17080,
986,32112,0.8631,1.0,92.31,12,0.0,0.5833,17080,
987,32120,0.8233,1.0,75.0,15,0.0,0.6,17086,
988,32152,0.7591,1.0,91.3,21,0.0,0.5714,17115,
989,32168,0.8147,1.0,84.21,16,0.0,0.625,17127,
990,32232,0.8489,1.0,81.25,13,0.0,0.4615,17178,
991,32232,0.8033,1.0,85.0,17,0.0,0.5882,17178,
992,32232,0.8717,1.0,78.57,11,0.0,0.5455,17178,
993,32240,0.8789,1.0,62.5,10,0.0,0.5,17181,
994,32256,0.7677,1.0,83.33,20,0.0,0.55,17194,
995,32280,0.8689,1.0,68.75,11,0.0,0.6364,17213,
996,32280,0.8617,1.0,85.71,12,0.0,0.6667,17213,
997,32328,0.7534,1.0,77.78,21,0.0,0.619,17252,
998,32344,0.8617,1.0,85.71,12,0.0,0.5,17266,
999,32368,0.8575,1.0,70.59,12,0.0,0.5833,17284,
1000,32376,0.8261,1.0,83.33,15,0.0,0.4667,17289,
1001,32408,0.8047,1.0,89.47,17,0.0,0.6471,17315,
1002,32424,0.8461,1.0,72.22,13,0.0,0.4615,17326,
1003,32432,0.7477,1.0,91.67,22,0.0,0.7273,17333,
1004,32488,0.8533,1.0,60.0,12,0.0,0.5,17377,
1005,32504,0.8389,1.0,87.5,14,0.0,0.5,17389,
1006,32512,0.7506,1.0,72.41,21,0.0,0.619,17395,
1007,32536,0.7977,1.0,70.83,17,0.0,0.5882,17412,
1008,32544,0.8375,1.0,82.35,14,0.0,0.6429,17418,
1009,32576,0.8447,1.0,68.42,13,0.0,0.4615,17442,
1010,32592,0.8433,1.0,65.0,13,0.0,0.5385,17456,
1011,32616,0.7278,1.0,74.19,23,0.0,0.6087,17478,
1012,32648,0.8275,1.0,88.24,15,0.0,0.5333,17503,
1013,32656,0.8047,1.0,89.47,17,0.0,0.5882,17510,
1014,32656,0.8503,1.0,86.67,13,0.0,0.5385,17510,
1015,32680,0.8831,1.0,76.92,10,0.0,0.5,17528,
1016,32680,0.8475,1.0,76.47,13,0.0,0.6154,17528,
1017,32680,0.7577,1.0,87.5,21,0.0,0.619,17528,
1018,32720,0.8389,1.0,87.5,14,0.0,0.5714,17562,
1019,32744,0.8489,1.0,81.25,13,0.0,0.6154,17583,
1020,32776,0.8589,1.0,75.0,12,0.0,0.5,17609,
1021,32816,0.7933,1.0,90.0,18,0.0,0.7222,17642,
1022,32824,0.8561,1.0,66.67,12,0.0,0.5,17648,
1023,32840,0.7891,1.0,78.26,18,0.0,0.6111,17662,
1024,32840,0.8033,1.0,85.0,17,0.0,0.5882,17662,
1025,32864,0.7591,1.0,91.3,21,0.0,0.6667,17682,
1026,32896,0.7705,1.0,90.91,20,0.0,0.7,17707,
1027,32904,0.8133,1.0,80.0,16,0.0,0.5625,17712,
1028,32928,0.8247,1.0,78.95,15,0.0,0.6,17733,
1029,32960,0.8603,1.0,80.0,12,0.0,0.5833,17756,
1030,32960,0.8361,1.0,77.78,14,0.0,0.5,17756,
1031,32968,0.8461,1.0,72.22,13,0.0,0.5385,17762,
1032,32984,0.8361,1.0,77.78,14,0.0,0.4286,17775,
1033,33000,0.8375,1.0,82.35,14,0.0,0.5714,17789,
1034,33032,0.8389,1.0,87.5,14,0.0,0.5714,17814,
1035,33064,0.8019,1.0,80.95,17,0.0,0.5882,17840,
1036,33072,0.8817,1.0,71.43,10,0.0,0.5,17847,
1037,33080,0.8147,1.0,84.21,16,0.0,0.5625,17853,
1038,33088,0.8803,1.0,66.67,10,0.0,0.6,17859,
1039,33152,0.8147,1.0,84.21,16,0.0,0.625,17915,
1040,33160,0.7762,1.0,76.0,19,0.0,0.5789,17918,
1041,33168,0.7591,1.0,91.3,21,0.0,0.619,17924,
1042,33200,0.7819,1.0,90.48,19,0.0,0.6842,17948,
1043,33200,0.8689,1.0,68.75,11,0.0,0.5455,17948,
1044,33224,0.8261,1.0,83.33,15,0.0,0.6667,17964,
1045,33248,0.8333,1.0,70.0,14,0.0,0.6429,17984,
1046,33280,0.7534,1.0,77.78,21,0.0,0.6667,18009,
1047,33304,0.8547,1.0,63.16,12,0.0,0.5,18029,
1048,33328,0.8233,1.0,75.0,15,0.0,0.5333,18048,
1049,33336,0.7805,1.0,86.36,19,0.0,0.5789,18055,
1050,33352,0.8247,1.0,78.95,15,0.0,0.5333,18067,
1051,33376,0.8047,1.0,89.47,17,0.0,0.5882,18086,
1052,33384,0.8375,1.0,82.35,14,0.0,0.7143,18093,
1053,33416,0.8575,1.0,70.59,12,0.0,0.5,18112,
1054,33416,0.7834,1.0,66.67,18,0.0,0.4444,18112,
1055,33440,0.8575,1.0,70.59,12,0.0,0.5,18132,
1056,33472,0.8461,1.0,72.22,13,0.0,0.6154,18158,
1057,33480,0.8461,1.0,72.22,13,0.0,0.5385,18163,
1058,33520,0.8261,1.0,83.33,15,0.0,0.7333,18197,
1059,33536,0.8047,1.0,89.47,17,0.0,0.5882,18211,
1060,33536,0.7791,1.0,82.61,19,0.0,0.5789,18211,
1061,33568,0.8247,1.0,78.95,15,0.0,0.5333,18237,
1062,33592,0.8603,1.0,80.0,12,0.0,0.5833,18254,
1063,33592,0.8005,1.0,77.27,17,0.0,0.5294,18254,
1064,33608,0.7819,1.0,90.48,19,0.0,0.6842,18266,
1065,33656,0.8005,1.0,77.27,17,0.0,0.6471,18307,
1066,33664,0.8489,1.0,81.25,13,0.0,0.6154,18313,
1067,33672,0.8147,1.0,84.21,16,0.0,0.5625,18319,
1068,33688,0.8147,1.0,84.21,16,0.0,0.625,18332,
1069,33712,0.8261,1.0,83.33,15,0.0,0.6,18355,
1070,33736,0.8261,1.0,83.33,15,0.0,0.4667,18376,
1071,33760,0.8119,1.0,76.19,16,0.0,0.75,18395,
1072,33760,0.8047,1.0,89.47,17,0.0,0.5882,18395,
1073,33800,0.8575,1.0,70.59,12,0.0,0.5,18424,
1074,33808,0.8047,1.0,89.47,17,0.0,0.5882,18431,
1075,33808,0.8275,1.0,88.24,15,0.0,0.6,18431,
1076,33816,0.8589,1.0,75.0,12,0.0,0.6667,18435,
1077,33872,0.8717,1.0,78.57,11,0.0,0.4545,18483,
1078,33880,0.8019,1.0,80.95,17,0.0,0.6471,18486,
1079,33928,0.8803,1.0,66.67,10,0.0,0.6,18522,
1080,33936,0.7762,1.0,76.0,19,0.0,0.5263,18527,
1081,33944,0.8091,1.0,69.57,16,0.0,0.75,18533,
1082,33968,0.8147,1.0,84.21,16,0.0,0.625,18553,
1083,33984,0.8205,1.0,68.18,15,0.0,0.4,18566,
1084,33984,0.8091,1.0,69.57,16,0.0,0.5625,18566,
1085,34024,0.8247,1.0,78.95,15,0.0,0.7333,18598,
1086,34048,0.8019,1.0,80.95,17,0.0,0.5882,18617,
1087,34064,0.8489,1.0,81.25,13,0.0,0.4615,18630,
1088,34072,0.8589,1.0,75.0,12,0.0,0.5,18635,
1089,34096,0.8589,1.0,75.0,12,0.0,0.5,18655,
1090,34104,0.7605,1.0,95.45,21,0.0,0.619,18660,
1091,34104,0.8703,1.0,73.33,11,0.0,0.5455,18660,
1092,34144,0.8133,1.0,80.0,16,0.0,0.5,18695,
1093,34200,0.7905,1.0,81.82,18,0.0,0.6111,18740,
1094,34200,0.8831,1.0,76.92,10,0.0,0.5,18740,
1095,34216,0.8247,1.0,78.95,15,0.0,0.5333,18752,
1096,34232,0.8033,1.0,85.0,17,0.0,0.5882,18766,
1097,34232,0.7791,1.0,82.61,19,0.0,0.6316,18766,
1098,34248,0.8261,1.0,83.33,15,0.0,0.5333,18779,
1099,34280,0.7705,1.0,90.91,20,0.0,0.65,18809,
1100,34280,0.8275,1.0,88.24,15,0.0,0.6,18809,
1101,34328,0.8589,1.0,75.0,12,0.0,0.5833,18848,
1102,34328,0.8389,1.0,87.5,14,0.0,0.5714,18848,
1103,34336,0.9059,1.0,72.73,8,0.0,0.375,18853,
1104,34360,0.8461,1.0,72.22,13,0.0,0.6154,18872,
1105,34376,0.8161,1.0,88.89,16,0.0,0.5625,18886,
1106,34384,0.8247,1.0,78.95,15,0.0,0.5333,18893,
1107,34408,0.8489,1.0,81.25,13,0.0,0.6154,18912,
1108,34424,0.8161,1.0,88.89,16,0.0,0.6875,18925,
1109,34448,0.8703,1.0,73.33,11,0.0,0.5455,18948,
1110,34488,0.8047,1.0,89.47,17,0.0,0.5882,18981,
1111,34496,0.7719,1.0,95.24,20,0.0,0.65,18987,
1112,34504,0.8361,1.0,77.78,14,0.0,0.4286,18993,
1113,34512,0.8575,1.0,70.59,12,0.0,0.4167,19000,
1114,34528,0.8503,1.0,86.67,13,0.0,0.6154,19011,
1115,34544,0.8033,1.0,85.0,17,0.0,0.5882,19025,
1116,34560,0.8375,1.0,82.35,14,0.0,0.5714,19038,
1117,34600,0.8247,1.0,78.95,15,0.0,0.6,19071,
1118,34616,0.8703,1.0,73.33,11,0.0,0.4545,19084,
1119,34624,0.8675,1.0,64.71,11,0.0,0.5455,19091,
1120,34680,0.8247,1.0,78.95,15,0.0,0.4667,19132,
1121,34680,0.8603,1.0,80.0,12,0.0,0.6667,19132,
1122,34680,0.7705,1.0,90.91,20,0.0,0.6,19132,
1123,34680,0.8019,1.0,80.95,17,0.0,0.5882,19132,
1124,34688,0.8561,1.0,66.67,12,0.0,0.5833,19135,
1125,34752,0.8389,1.0,87.5,14,0.0,0.5,19189,
1126,34776,0.8133,1.0,80.0,16,0.0,0.5625,19208,
1127,34776,0.8005,1.0,77.27,17,0.0,0.5294,19208,
1128,34800,0.8703,1.0,73.33,11,0.0,0.5455,19224,
1129,34816,0.8489,1.0,81.25,13,0.0,0.5385,19236,
1130,34816,0.8275,1.0,88.24,15,0.0,0.6667,19236,
1131,34832,0.8547,1.0,63.16,12,0.0,0.4167,19246,
1132,34864,0.8191,1.0,65.22,15,0.0,0.4667,19273,
1133,34896,0.8703,1.0,73.33,11,0.0,0.5455,19296,
1134,34912,0.8333,1.0,70.0,14,0.0,0.5714,19309,
1135,34944,0.8589,1.0,75.0,12,0.0,0.5833,19331,
1136,34944,0.8461,1.0,72.22,13,0.0,0.4615,19331,
1137,34952,0.7905,1.0,81.82,18,0.0,0.5556,19335,
1138,34968,0.8247,1.0,78.95,15,0.0,0.6667,19349,
1139,34968,0.8475,1.0,76.47,13,0.0,0.6154,19349,
1140,35016,0.8447,1.0,68.42,13,0.0,0.5385,19386,
1141,35024,0.8917,1.0,64.29,9,0.0,0.5556,19391,
1142,35048,0.8347,1.0,73.68,14,0.0,0.5,19409,
1143,35072,0.8589,1.0,75.0,12,0.0,0.3333,19429,
1144,35088,0.8361,1.0,77.78,14,0.0,0.5714,19442,
1145,35112,0.7933,1.0,90.0,18,0.0,0.6111,19458,
1146,35136,0.8717,1.0,78.57,11,0.0,0.6364,19477,
1147,35136,0.7919,1.0,85.71,18,0.0,0.6111,19477,
1148,35144,0.8305,1.0,63.64,14,0.0,0.5,19482,
1149,35144,0.8589,1.0,75.0,12,0.0,0.5833,19482,
1150,35208,0.8275,1.0,88.24,15,0.0,0.5333,19542,
1151,35240,0.7677,1.0,83.33,20,0.0,0.65,19566,
1152,35256,0.8817,1.0,71.43,10,0.0,0.4,19577,
1153,35264,0.8005,1.0,77.27,17,0.0,0.5882,19581,
1154,35264,0.8589,1.0,75.0,12,0.0,0.4167,19581,
1155,35296,0.7691,1.0,86.96,20,0.0,0.65,19606,
1156,35296,0.8033,1.0,85.0,17,0.0,0.5882,19606,
1157,35296,0.8047,1.0,89.47,17,0.0,0.5882,19606,
1158,35368,0.8931,1.0,69.23,9,0.0,0.5556,19668,
1159,35400,0.7677,1.0,83.33,20,0.0,0.6,19693,
1160,35416,0.8503,1.0,86.67,13,0.0,0.5385,19705,
1161,35424,0.8289,1.0,93.75,15,0.0,0.6667,19711,
1162,35424,0.7891,1.0,78.26,18,0.0,0.5556,19711,
1163,35448,0.7577,1.0,87.5,21,0.0,0.619,19729,
1164,35456,0.8433,1.0,65.0,13,0.0,0.3846,19735,
1165,35472,0.7448,1.0,84.62,22,0.0,0.6818,19749,
1166,35536,0.8319,1.0,66.67,14,0.0,0.4286,19792,
1167,35544,0.9003,1.0,53.33,8,0.0,0.375,19796,
1168,35552,0.8575,1.0,70.59,12,0.0,0.5,19801,
1169,35560,0.8475,1.0,76.47,13,0.0,0.4615,19807,
1170,35560,0.8433,1.0,65.0,13,0.0,0.4615,19807,
1171,35576,0.8931,1.0,69.23,9,0.0,0.4444,19818,
1172,35616,0.8133,1.0,80.0,16,0.0,0.625,19851,
1173,35632,0.7991,1.0,73.91,17,0.0,0.5294,19861,
1174,35656,0.8817,1.0,71.43,10,0.0,0.4,19879,
1175,35664,0.8917,1.0,64.29,9,0.0,0.3333,19886,
1176,35680,0.8903,1.0,60.0,9,0.0,0.3333,19898,
1177,35696,0.8275,1.0,88.24,15,0.0,0.4667,19911,
1178,35712,0.8675,1.0,64.71,11,0.0,0.5455,19921,
1179,35728,0.7677,1.0,83.33,20,0.0,0.65,19931,
1180,35760,0.8589,1.0,75.0,12,0.0,0.5,19958,
1181,35784,0.8603,1.0,80.0,12,0.0,0.5,19976,
1182,35784,0.8019,1.0,80.95,17,0.0,0.5882,19976,
1183,35808,0.8247,1.0,78.95,15,0.0,0.5333,19991,
1184,35816,0.8575,1.0,70.59,12,0.0,0.4167,19996,
1185,35832,0.8575,1.0,70.59,12,0.0,0.4167,20009,
1186,35856,0.8689,1.0,68.75,11,0.0,0.3636,20029,
1187,35872,0.8533,1.0,60.0,12,0.0,0.5833,20040,
1188,35912,0.8489,1.0,81.25,13,0.0,0.5385,20071,
1189,35928,0.8661,1.0,61.11,11,0.0,0.2727,20080,
1190,35952,0.8475,1.0,76.47,13,0.0,0.4615,20099,
1191,35960,0.8789,1.0,62.5,10,0.0,0.6,20102,
1192,35968,0.7648,1.0,76.92,20,0.0,0.6,20106,
1193,35976,0.8019,1.0,80.95,17,0.0,0.7059,20112,
1194,35992,0.8475,1.0,76.47,13,0.0,0.6154,20126,
1195,36016,0.8461,1.0,72.22,13,0.0,0.4615,20143,
1196,36072,0.8633,1.0,55.0,11,0.0,0.2727,20182,
1197,36080,0.9031,1.0,61.54,8,0.0,0.375,20184,
1198,36088,0.8333,1.0,70.0,14,0.0,0.5,20190,
1199,36096,0.8475,1.0,76.47,13,0.0,0.6154,20197,
1200,36104,0.8447,1.0,68.42,13,0.0,0.6154,20204,
1201,36128,0.7933,1.0,90.0,18,0.0,0.6111,20224,
1202,36136,0.8361,1.0,77.78,14,0.0,0.5714,20229,
1203,36144,0.8689,1.0,68.75,11,0.0,0.3636,20234,
1204,36192,0.8803,1.0,66.67,10,0.0,0.6,20275,
1205,36232,0.8931,1.0,69.23,9,0.0,0.5556,20300,
1206,36232,0.8475,1.0,76.47,13,0.0,0.5385,20300,
1207,36240,0.8375,1.0,82.35,14,0.0,0.5714,20305,
1208,36248,0.8033,1.0,85.0,17,0.0,0.5294,20311,
1209,36256,0.8205,1.0,68.18,15,0.0,0.5333,20315,
1210,36288,0.8347,1.0,73.68,14,0.0,0.5714,20337,
1211,36336,0.8661,1.0,61.11,11,0.0,0.2727,20368,
1212,36360,0.8689,1.0,68.75,11,0.0,0.3636,20380,
1213,36376,0.8306,1.0,44.83,13,0.0,0.3846,20391,
1214,36392,0.8347,1.0,73.68,14,0.0,0.5,20403,
1215,36408,0.8547,1.0,63.16,12,0.0,0.5833,20416,
1216,36432,0.8063,1.0,64.0,16,0.0,0.5625,20435,
1217,36464,0.8205,1.0,68.18,15,0.0,0.5333,20457,
1218,36480,0.7506,1.0,72.41,21,0.0,0.6667,20466,
1219,36480,0.8461,1.0,72.22,13,0.0,0.5385,20466,
1220,36512,0.8575,1.0,70.59,12,0.0,0.4167,20491,
1221,36536,0.8461,1.0,72.22,13,0.0,0.5385,20507,
1222,36544,0.8475,1.0,76.47,13,0.0,0.4615,20513,
1223,36552,0.8177,1.0,62.5,15,0.0,0.5333,20519,
1224,36608,0.8589,1.0,75.0,12,0.0,0.5,20564,
1225,36624,0.8361,1.0,77.78,14,0.0,0.7143,20573,
1226,36624,0.7677,1.0,83.33,20,0.0,0.65,20573,
1227,36640,0.8205,1.0,68.18,15,0.0,0.5333,20584,
1228,36648,0.8475,1.0,76.47,13,0.0,0.4615,20588,
1229,36672,0.8889,1.0,56.25,9,0.0,0.3333,20604,
1230,36704,0.8319,1.0,66.67,14,0.0,0.5,20626,
1231,36712,0.8333,1.0,70.0,14,0.0,0.6429,20630,
1232,36728,0.8903,1.0,60.0,9,0.0,0.3333,20636,
1233,36760,0.8903,1.0,60.0,9,0.0,0.3333,20659,
1234,36776,0.8347,1.0,73.68,14,0.0,0.5714,20669,
1235,36784,0.8675,1.0,64.71,11,0.0,0.3636,20674,
1236,36792,0.8419,1.0,61.9,13,0.0,0.3846,20680,
1237,36848,0.8975,1.0,47.06,8,0.0,0.375,20721,
1238,36856,0.8589,1.0,75.0,12,0.0,0.4167,20726,
1239,36864,0.7977,1.0,70.83,17,0.0,0.4706,20732,
1240,36896,0.7977,1.0,70.83,17,0.0,0.4118,20752,
1241,36912,0.8903,1.0,60.0,9,0.0,0.4444,20765,
1242,36936,0.8347,1.0,73.68,14,0.0,0.5714,20784,
1243,36944,0.7891,1.0,78.26,18,0.0,0.6667,20788,
1244,36952,0.8105,1.0,72.73,16,0.0,0.5,20794,
1245,37000,0.8247,1.0,78.95,15,0.0,0.5333,20833,
1246,37040,0.8091,1.0,69.57,16,0.0,0.5625,20865,
1247,37048,0.8347,1.0,73.68,14,0.0,0.5,20870,
1248,37064,0.8347,1.0,73.68,14,0.0,0.5,20878,
1249,37072,0.7748,1.0,73.08,19,0.0,0.6316,20881,
1250,37104,0.8119,1.0,76.19,16,0.0,0.5625,20905,
1251,37112,0.8319,1.0,66.67,14,0.0,0.5,20910,
1252,37136,0.7791,1.0,82.61,19,0.0,0.5263,20928,
1253,37136,0.8875,1.0,52.94,9,0.0,0.4444,20928,
1254,37176,0.8675,1.0,64.71,11,0.0,0.6364,20956,
1255,37208,0.8533,1.0,60.0,12,0.0,0.5,20974,
1256,37208,0.8561,1.0,66.67,12,0.0,0.5,20974,
1257,37240,0.9031,1.0,61.54,8,0.0,0.375,20995,
1258,37240,0.8989,1.0,50.0,8,0.0,0.375,20995,
1259,37256,0.8191,1.0,65.22,15,0.0,0.5333,21004,
1260,37272,0.8475,1.0,76.47,13,0.0,0.5385,21012,
1261,37288,0.8091,1.0,69.57,16,0.0,0.5625,21022,
1262,37312,0.8775,1.0,58.82,10,0.0,0.4,21039,
1263,37360,0.8831,1.0,76.92,10,0.0,0.6,21072,
1264,37368,0.8433,1.0,65.0,13,0.0,0.4615,21076,
1265,37376,0.8219,1.0,71.43,15,0.0,0.4667,21082,
1266,37384,0.9145,1.0,58.33,7,0.0,0.4286,21088,
1267,37424,0.7991,1.0,73.91,17,0.0,0.4118,21120,
1268,37464,0.802,1.0,57.14,16,0.0,0.5,21150,
1269,37472,0.7963,1.0,68.0,17,0.0,0.4706,21157,
1270,37520,0.8347,1.0,73.68,14,0.0,0.4286,21191,
1271,37528,0.8147,1.0,84.21,16,0.0,0.5625,21196,
1272,37544,0.7606,1.0,68.97,20,0.0,0.55,21206,
1273,37560,0.7762,1.0,76.0,19,0.0,0.6316,21216,
1274,37576,0.8077,1.0,66.67,16,0.0,0.5,21224,
1275,37600,0.8675,1.0,64.71,11,0.0,0.3636,21246,
1276,37632,0.7648,1.0,76.92,20,0.0,0.6,21263,
1277,37640,0.8319,1.0,66.67,14,0.0,0.5,21267,
1278,37656,0.8575,1.0,70.59,12,0.0,0.5,21279,
1279,37664,0.9003,1.0,53.33,8,0.0,0.25,21281,
1280,37664,0.8575,1.0,70.59,12,0.0,0.5833,21281,
1281,37728,0.8019,1.0,80.95,17,0.0,0.5294,21328,
1282,37736,0.8633,1.0,55.0,11,0.0,0.2727,21333,
1283,37744,0.8761,1.0,55.56,10,0.0,0.5,21339,
1284,37752,0.8817,1.0,71.43,10,0.0,0.4,21344,
1285,37760,0.8931,1.0,69.23,9,0.0,0.4444,21348,
1286,37784,0.8047,1.0,89.47,17,0.0,0.6471,21366,
1287,37800,0.8675,1.0,64.71,11,0.0,0.3636,21380,
1288,37808,0.8461,1.0,72.22,13,0.0,0.3846,21385,
1289,37856,0.8689,1.0,68.75,11,0.0,0.4545,21420,
1290,37888,0.8461,1.0,72.22,13,0.0,0.4615,21443,
1291,37888,0.9089,1.0,43.75,7,0.0,0.2857,21443,
1292,37896,0.8917,1.0,64.29,9,0.0,0.3333,21447,
1293,37896,0.8261,1.0,83.33,15,0.0,0.5333,21447,
1294,37952,0.7634,1.0,74.07,20,0.0,0.65,21494,
1295,37984,0.7891,1.0,78.26,18,0.0,0.5556,21516,
1296,38024,0.8419,1.0,61.9,13,0.0,0.3846,21537,
1297,38048,0.8433,1.0,65.0,13,0.0,0.3846,21548,
1298,38056,0.8119,1.0,76.19,16,0.0,0.5625,21552,
1299,38064,0.8319,1.0,66.67,14,0.0,0.5,21558,
1300,38096,0.8717,1.0,78.57,11,0.0,0.4545,21581,
1301,38112,0.7734,1.0,70.37,19,0.0,0.5263,21589,
1302,38112,0.758,1.0,50.0,19,0.0,0.4211,21589,
1303,38152,0.8931,1.0,69.23,9,0.0,0.2222,21615,
1304,38160,0.7748,1.0,73.08,19,0.0,0.4211,21620,
1305,38176,0.8547,1.0,63.16,12,0.0,0.3333,21633,
1306,38200,0.8861,1.0,50.0,9,0.0,0.2222,21647,
1307,38240,0.8761,1.0,55.56,10,0.0,0.4,21674,
1308,38248,0.8875,1.0,52.94,9,0.0,0.3333,21676,
1309,38272,0.8903,1.0,60.0,9,0.0,0.4444,21690,
1310,38280,0.7634,1.0,74.07,20,0.0,0.45,21695,
1311,38288,0.8105,1.0,72.73,16,0.0,0.5,21700,
1312,38320,0.8361,1.0,77.78,14,0.0,0.6429,21725,
1313,38344,0.8291,1.0,60.87,14,0.0,0.4286,21743,
1314,38384,0.8931,1.0,69.23,9,0.0,0.5556,21777,
1315,38392,0.8077,1.0,66.67,16,0.0,0.5,21781,
1316,38408,0.8475,1.0,76.47,13,0.0,0.4615,21791,
1317,38416,0.8019,1.0,80.95,17,0.0,0.5882,21797,
1318,38432,0.7977,1.0,70.83,17,0.0,0.5882,21809,
1319,38432,0.8261,1.0,83.33,15,0.0,0.4667,21809,
1320,38456,0.8917,1.0,64.29,9,0.0,0.3333,21828,
1321,38528,0.7748,1.0,73.08,19,0.0,0.5789,21875,
1322,38552,0.8561,1.0,66.67,12,0.0,0.4167,21889,
1323,38560,0.8105,1.0,72.73,16,0.0,0.5,21894,
1324,38560,0.8561,1.0,66.67,12,0.0,0.6667,21894,
1325,38568,0.8605,1.0,50.0,11,0.0,0.3636,21899,
1326,38584,0.8647,1.0,57.89,11,0.0,0.5455,21909,
1327,38632,0.7963,1.0,68.0,17,0.0,0.5882,21947,
1328,38656,0.7662,1.0,80.0,20,0.0,0.6,21965,
1329,38680,0.8703,1.0,73.33,11,0.0,0.5455,21975,
1330,38696,0.8561,1.0,66.67,12,0.0,0.4167,21986,
1331,38696,0.8689,1.0,68.75,11,0.0,0.4545,21986,
1332,38712,0.8589,1.0,75.0,12,0.0,0.4167,21996,
1333,38736,0.8305,1.0,63.64,14,0.0,0.5,22014,
1334,38752,0.782,1.0,64.29,18,0.0,0.4444,22023,
1335,38776,0.8803,1.0,66.67,10,0.0,0.6,22043,
1336,38832,0.8675,1.0,64.71,11,0.0,0.3636,22084,
1337,38856,0.772,1.0,67.86,19,0.0,0.5263,22096,
1338,38856,0.8005,1.0,77.27,17,0.0,0.5294,22096,
1339,38872,0.8005,1.0,77.27,17,0.0,0.5882,22103,
1340,38872,0.9003,1.0,53.33,8,0.0,0.5,22103,
1341,38888,0.8447,1.0,68.42,13,0.0,0.6923,22115,
1342,38888,0.8105,1.0,72.73,16,0.0,0.5,22115,
1343,38896,0.8803,1.0,66.67,10,0.0,0.4,22119,
1344,38984,0.8547,1.0,63.16,12,0.0,0.5833,22184,
1345,38984,0.8989,1.0,50.0,8,0.0,0.5,22184,
1346,38992,0.8575,1.0,70.59,12,0.0,0.5,22186,
1347,39016,0.8789,1.0,62.5,10,0.0,0.5,22199,
1348,39040,0.8761,1.0,55.56,10,0.0,0.3,22215,
1349,39040,0.8119,1.0,76.19,16,0.0,0.5625,22215,
1350,39048,0.8233,1.0,75.0,15,0.0,0.5333,22220,
1351,39064,0.8277,1.0,58.33,14,0.0,0.4286,22233,
1352,39120,0.8475,1.0,76.47,13,0.0,0.5385,22274,
1353,39128,0.8261,1.0,83.33,15,0.0,0.7333,22278,
1354,39128,0.8575,1.0,70.59,12,0.0,0.5833,22278,
1355,39144,0.9373,1.0,50.0,5,0.0,0.2,22287,
1356,39160,0.9017,1.0,57.14,8,0.0,0.375,22298,
1357,39160,0.8461,1.0,72.22,13,0.0,0.3846,22298,
1358,39168,0.8789,1.0,62.5,10,0.0,0.6,22304,
1359,39224,0.7691,1.0,86.96,20,0.0,0.55,22351,
1360,39256,0.8475,1.0,76.47,13,0.0,0.3846,22375,
1361,39272,0.8689,1.0,68.75,11,0.0,0.3636,22382,
1362,39288,0.8233,1.0,75.0,15,0.0,0.6,22391,
1363,39304,0.8661,1.0,61.11,11,0.0,0.3636,22400,
1364,39304,0.8005,1.0,77.27,17,0.0,0.5882,22400,
1365,39360,0.8277,1.0,58.33,14,0.0,0.4286,22440,
1366,39376,0.8334,1.0,48.15,13,0.0,0.3077,22453,
1367,39384,0.8433,1.0,65.0,13,0.0,0.4615,22457,
1368,39432,0.8361,1.0,77.78,14,0.0,0.5714,22489,
1369,39432,0.8233,1.0,75.0,15,0.0,0.6667,22489,
1370,39432,0.8105,1.0,72.73,16,0.0,0.4375,22489,
1371,39464,0.8233,1.0,75.0,15,0.0,0.4,22511,
1372,39464,0.8433,1.0,65.0,13,0.0,0.4615,22511,
1373,39480,0.8931,1.0,69.23,9,0.0,0.5556,22522,
1374,39504,0.8361,1.0,77.78,14,0.0,0.5,22539,
1375,39552,0.8703,1.0,73.33,11,0.0,0.4545,22573,
1376,39552,0.8219,1.0,71.43,15,0.0,0.4667,22573,
1377,39560,0.8489,1.0,81.25,13,0.0,0.3846,22578,
1378,39568,0.8875,1.0,52.94,9,0.0,0.3333,22584,
1379,39600,0.8675,1.0,64.71,11,0.0,0.6364,22609,
1380,39608,0.8461,1.0,72.22,13,0.0,0.6923,22615,
1381,39640,0.8475,1.0,76.47,13,0.0,0.4615,22640,
1382,39656,0.7805,1.0,86.36,19,0.0,0.6842,22653,
1383,39688,0.8875,1.0,52.94,9,0.0,0.1111,22676,
1384,39720,0.8533,1.0,60.0,12,0.0,0.5,22699,
1385,39728,0.8005,1.0,77.27,17,0.0,0.5882,22705,
1386,39744,0.8461,1.0,72.22,13,0.0,0.3846,22715,
1387,39752,0.7791,1.0,82.61,19,0.0,0.5263,22720,
1388,39808,0.8219,1.0,71.43,15,0.0,0.6,22759,
1389,39816,0.8689,1.0,68.75,11,0.0,0.2727,22765,
1390,39816,0.7648,1.0,76.92,20,0.0,0.65,22765,
1391,39816,0.8633,1.0,55.0,11,0.0,0.5455,22765,
1392,39856,0.8489,1.0,81.25,13,0.0,0.5385,22796,
1393,39904,0.8233,1.0,75.0,15,0.0,0.5333,22822,
1394,39912,0.8233,1.0,75.0,15,0.0,0.5333,22826,
1395,39928,0.9117,1.0,50.0,7,0.0,0.4286,22833,
1396,39928,0.8917,1.0,64.29,9,0.0,0.5556,22833,
1397,39936,0.8034,1.0,59.26,16,0.0,0.4375,22836,
1398,39944,0.8389,1.0,87.5,14,0.0,0.5714,22842,
1399,39960,0.8647,1.0,57.89,11,0.0,0.4545,22854,
1400,39992,0.9075,1.0,41.18,7,0.0,0.4286,22879,
1401,40032,0.9003,1.0,53.33,8,0.0,0.375,22909,
1402,40040,0.8617,1.0,85.71,12,0.0,0.4167,22914,
1403,40048,0.8561,1.0,66.67,12,0.0,0.3333,22919,
1404,40080,0.8347,1.0,73.68,14,0.0,0.5714,22941,
1405,40096,0.8547,1.0,63.16,12,0.0,0.3333,22952,
1406,40104,0.8119,1.0,76.19,16,0.0,0.5625,22958,
1407,40128,0.8319,1.0,66.67,14,0.0,0.5714,22978,
1408,40176,0.9045,1.0,66.67,8,0.0,0.25,23012,
1409,40192,0.7933,1.0,90.0,18,0.0,0.6111,23023,
1410,40200,0.7648,1.0,76.92,20,0.0,0.6,23027,
1411,40216,0.8205,1.0,68.18,15,0.0,0.6,23035,
1412,40224,0.8405,1.0,59.09,13,0.0,0.4615,23041,
1413,40248,0.8461,1.0,72.22,13,0.0,0.6154,23061,
1414,40248,0.8347,1.0,73.68,14,0.0,0.5,23061,
1415,40288,0.8333,1.0,70.0,14,0.0,0.5714,23092,
1416,40328,0.8475,1.0,76.47,13,0.0,0.5385,23122,
1417,40336,0.8433,1.0,65.0,13,0.0,0.4615,23125,
1418,40336,0.8275,1.0,88.24,15,0.0,0.5333,23125,
1419,40344,0.8703,1.0,73.33,11,0.0,0.3636,23130,
1420,40400,0.8847,1.0,47.37,9,0.0,0.4444,23164,
1421,40408,0.7877,1.0,75.0,18,0.0,0.6111,23169,
1422,40416,0.8419,1.0,61.9,13,0.0,0.5385,23171,
1423,40448,0.8633,1.0,55.0,11,0.0,0.2727,23192,
1424,40456,0.8689,1.0,68.75,11,0.0,0.4545,23198,
1425,40472,0.8875,1.0,52.94,9,0.0,0.4444,23209,
1426,40480,0.8875,1.0,52.94,9,0.0,0.3333,23214,
1427,40496,0.8133,1.0,80.0,16,0.0,0.5,23226,
1428,40520,0.8803,1.0,66.67,10,0.0,0.4,23241,
1429,40560,0.8247,1.0,78.95,15,0.0,0.5333,23274,
1430,40568,0.8647,1.0,57.89,11,0.0,0.3636,23279,
1431,40584,0.8589,1.0,75.0,12,0.0,0.6667,23289,
1432,40616,0.8019,1.0,80.95,17,0.0,0.7059,23313,
1433,40624,0.8789,1.0,62.5,10,0.0,0.5,23318,
1434,40632,0.8133,1.0,80.0,16,0.0,0.5625,23325,
1435,40664,0.7891,1.0,78.26,18,0.0,0.6111,23352,
1436,40696,0.8205,1.0,68.18,15,0.0,0.4667,23371,
1437,40704,0.8575,1.0,70.59,12,0.0,0.5,23378,
1438,40728,0.8561,1.0,66.67,12,0.0,0.3333,23393,
1439,40744,0.8091,1.0,69.57,16,0.0,0.5625,23401,
1440,40752,0.8475,1.0,76.47,13,0.0,0.5385,23405,
1441,40752,0.8789,1.0,62.5,10,0.0,0.3,23405,
1442,40760,0.8689,1.0,68.75,11,0.0,0.5455,23410,
1443,40792,0.8789,1.0,62.5,10,0.0,0.5,23438,
1444,40832,0.8275,1.0,88.24,15,0.0,0.4667,23471,
1445,40856,0.8447,1.0,68.42,13,0.0,0.4615,23485,
1446,40888,0.8133,1.0,80.0,16,0.0,0.5,23504,
1447,40888,0.8675,1.0,64.71,11,0.0,0.2727,23504,
1448,40888,0.8561,1.0,66.67,12,0.0,0.4167,23504,
1449,40912,0.8247,1.0,78.95,15,0.0,0.6667,23520,
1450,40920,0.8789,1.0,62.5,10,0.0,0.4,23525,
1451,40920,0.8419,1.0,61.9,13,0.0,0.3846,23525,
1452,40976,0.8561,1.0,66.67,12,0.0,0.4167,23567,
1453,40984,0.8889,1.0,56.25,9,0.0,0.3333,23571,
1454,41008,0.8703,1.0,73.33,11,0.0,0.5455,23588,
1455,41032,0.8661,1.0,61.11,11,0.0,0.2727,23600,
1456,41056,0.8561,1.0,66.67,12,0.0,0.5,23613,
1457,41064,0.8461,1.0,72.22,13,0.0,0.6154,23617,
1458,41072,0.8091,1.0,69.57,16,0.0,0.5,23622,
1459,41072,0.8647,1.0,57.89,11,0.0,0.2727,23622,
1460,41104,0.8989,1.0,50.0,8,0.0,0.375,23646,
1461,41112,0.8589,1.0,75.0,12,0.0,0.4167,23652,
1462,41184,0.8105,1.0,72.73,16,0.0,0.4375,23709,
1463,41200,0.8461,1.0,72.22,13,0.0,0.4615,23715,
1464,41200,0.8589,1.0,75.0,12,0.0,0.5,23715,
1465,41216,0.8091,1.0,69.57,16,0.0,0.4375,23720,
1466,41240,0.8005,1.0,77.27,17,0.0,0.5294,23736,
1467,41240,0.8889,1.0,56.25,9,0.0,0.3333,23736,
1468,41240,0.8619,1.0,52.38,11,0.0,0.2727,23736,
1469,41264,0.8333,1.0,70.0,14,0.0,0.5714,23754,
1470,41336,0.8247,1.0,78.95,15,0.0,0.4667,23811,
1471,41336,0.8475,1.0,76.47,13,0.0,0.4615,23811,
1472,41336,0.8875,1.0,52.94,9,0.0,0.2222,23811,
1473,41352,0.8475,1.0,76.47,13,0.0,0.3077,23823,
1474,41384,0.8361,1.0,77.78,14,0.0,0.5,23842,
1475,41392,0.8347,1.0,73.68,14,0.0,0.6429,23848,
1476,41392,0.8447,1.0,68.42,13,0.0,0.4615,23848,
1477,41416,0.8347,1.0,73.68,14,0.0,0.4286,23868,
1478,41456,0.8503,1.0,86.67,13,0.0,0.6154,23897,
1479,41488,0.8675,1.0,64.71,11,0.0,0.2727,23913,
1480,41496,0.8533,1.0,60.0,12,0.0,0.3333,23917,
1481,41512,0.8903,1.0,60.0,9,0.0,0.3333,23928,
1482,41520,0.8889,1.0,56.25,9,0.0,0.3333,23932,
1483,41520,0.8675,1.0,64.71,11,0.0,0.4545,23932,
1484,41536,0.7863,1.0,72.0,18,0.0,0.5556,23940,
1485,41560,0.8461,1.0,72.22,13,0.0,0.4615,23961,
1486,41616,0.8433,1.0,65.0,13,0.0,0.4615,23995,
1487,41624,0.8931,1.0,69.23,9,0.0,0.4444,23999,
1488,41640,0.8361,1.0,77.78,14,0.0,0.5,24008,
1489,41640,0.8989,1.0,50.0,8,0.0,0.375,24008,
1490,41640,0.8547,1.0,63.16,12,0.0,0.4167,24008,
1491,41672,0.8247,1.0,78.95,15,0.0,0.4667,24032,
1492,41672,0.8775,1.0,58.82,10,0.0,0.4,24032,
1493,41680,0.8903,1.0,60.0,9,0.0,0.4444,24038,
1494,41752,0.8775,1.0,58.82,10,0.0,0.3,24097,
1495,41792,0.8647,1.0,57.89,11,0.0,0.5455,24119,
1496,41800,0.8889,1.0,56.25,9,0.0,0.2222,24123,
1497,41808,0.7791,1.0,82.61,19,0.0,0.5789,24128,
1498,41808,0.8019,1.0,80.95,17,0.0,0.7059,24128,
1499,41824,0.7791,1.0,82.61,19,0.0,0.5789,24138,
1500,41824,0.8547,1.0,63.16,12,0.0,0.3333,24138,
1501,41832,0.8447,1.0,68.42,13,0.0,0.4615,24143,
1502,41896,0.8561,1.0,66.67,12,0.0,0.5833,24190,
1503,41936,0.8675,1.0,64.71,11,0.0,0.4545,24213,
1504,41936,0.8761,1.0,55.56,10,0.0,0.5,24213,
1505,41952,0.8803,1.0,66.67,10,0.0,0.5,24222,
1506,41952,0.8461,1.0,72.22,13,0.0,0.3846,24222,
1507,41960,0.8675,1.0,64.71,11,0.0,0.3636,24227,
1508,41960,0.8647,1.0,57.89,11,0.0,0.4545,24227,
1509,42000,0.8305,1.0,63.64,14,0.0,0.5,24259,
1510,42040,0.8931,1.0,69.23,9,0.0,0.4444,24287,
1511,42048,0.8447,1.0,68.42,13,0.0,0.6923,24291,
1512,42056,0.9231,1.0,46.15,6,0.0,0.1667,24295,
1513,42112,0.8205,1.0,68.18,15,0.0,0.4667,24327,
1514,42112,0.8647,1.0,57.89,11,0.0,0.3636,24327,
1515,42120,0.8219,1.0,71.43,15,0.0,0.4667,24330,
1516,42128,0.8689,1.0,68.75,11,0.0,0.4545,24335,
1517,42184,0.8661,1.0,61.11,11,0.0,0.4545,24368,
1518,42184,0.802,1.0,57.14,16,0.0,0.625,24368,
1519,42192,0.8661,1.0,61.11,11,0.0,0.2727,24370,
1520,42240,0.8989,1.0,50.0,8,0.0,0.25,24399,
1521,42240,0.8889,1.0,56.25,9,0.0,0.3333,24399,
1522,42256,0.8463,1.0,48.0,12,0.0,0.5,24412,
1523,42264,0.8561,1.0,66.67,12,0.0,0.5,24417,
1524,42304,0.8305,1.0,63.64,14,0.0,0.5,24447,
1525,42328,0.8475,1.0,76.47,13,0.0,0.5385,24465,
1526,42336,0.8647,1.0,57.89,11,0.0,0.3636,24470,
1527,42376,0.8575,1.0,70.59,12,0.0,0.5,24499,
1528,42392,0.8589,1.0,75.0,12,0.0,0.5833,24508,
1529,42400,0.8561,1.0,66.67,12,0.0,0.5,24512,
1530,42424,0.7891,1.0,78.26,18,0.0,0.6111,24527,
1531,42432,0.8789,1.0,62.5,10,0.0,0.3,24533,
1532,42432,0.7478,1.0,67.74,21,0.0,0.6667,24533,
1533,42456,0.8603,1.0,80.0,12,0.0,0.5,24554,
1534,42504,0.8005,1.0,77.27,17,0.0,0.4706,24587,
1535,42520,0.8603,1.0,80.0,12,0.0,0.4167,24593,
1536,42536,0.8361,1.0,77.78,14,0.0,0.5714,24600,
1537,42536,0.8533,1.0,60.0,12,0.0,0.4167,24600,
1538,42552,0.8889,1.0,56.25,9,0.0,0.5556,24607,
1539,42560,0.8989,1.0,50.0,8,0.0,0.375,24612,
1540,42560,0.8889,1.0,56.25,9,0.0,0.3333,24612,
1541,42600,0.8961,1.0,44.44,8,0.0,0.25,24636,
1542,42624,0.9003,1.0,53.33,8,0.0,0.375,24650,
1543,42632,0.8817,1.0,71.43,10,0.0,0.5,24656,
1544,42640,0.9331,1.0,38.46,5,0.0,0.2,24659,
1545,42656,0.8803,1.0,66.67,10,0.0,0.5,24668,
1546,42696,0.8561,1.0,66.67,12,0.0,0.5,24693,
1547,42704,0.8761,1.0,55.56,10,0.0,0.2,24700,
1548,42712,0.9159,1.0,63.64,7,0.0,0.2857,24704,
1549,42712,0.8647,1.0,57.89,11,0.0,0.5455,24704,
1550,42760,0.8533,1.0,60.0,12,0.0,0.4167,24739,
1551,42800,0.8333,1.0,70.0,14,0.0,0.4286,24769,
1552,42824,0.8519,1.0,57.14,12,0.0,0.5,24781,
1553,42832,0.8903,1.0,60.0,9,0.0,0.4444,24783,
1554,42848,0.8261,1.0,83.33,15,0.0,0.5333,24794,
1555,42856,0.782,1.0,64.29,18,0.0,0.3333,24801,
1556,42856,0.8233,1.0,75.0,15,0.0,0.6,24801,
1557,42872,0.8533,1.0,60.0,12,0.0,0.4167,24813,
1558,42936,0.8105,1.0,72.73,16,0.0,0.5,24861,
1559,42960,0.8333,1.0,70.0,14,0.0,0.5,24873,
1560,42960,0.9117,1.0,50.0,7,0.0,0.4286,24873,
1561,42976,0.8761,1.0,55.56,10,0.0,0.2,24881,
1562,42992,0.8219,1.0,71.43,15,0.0,0.5333,24891,
1563,43008,0.8447,1.0,68.42,13,0.0,0.5385,24897,
1564,43016,0.8761,1.0,55.56,10,0.0,0.4,24899,
1565,43024,0.8219,1.0,71.43,15,0.0,0.6,24903,
1566,43072,0.9217,1.0,42.86,6,0.0,0.3333,24935,
1567,43096,0.9133,1.0,30.0,6,0.0,0.0,24948,
1568,43104,0.8561,1.0,66.67,12,0.0,0.4167,24953,
1569,43120,0.8945,1.0,75.0,9,0.0,0.3333,24964,
1570,43136,0.8361,1.0,77.78,14,0.0,0.5,24973,
1571,43144,0.8875,1.0,52.94,9,0.0,0.4444,24978,
1572,43168,0.9345,1.0,41.67,5,0.0,0.2,24997,
1573,43184,0.7648,1.0,76.92,20,0.0,0.6,25010,
1574,43192,0.8305,1.0,63.64,14,0.0,0.4286,25015,
1575,43248,0.8917,1.0,64.29,9,0.0,0.4444,25050,
1576,43256,0.8447,1.0,68.42,13,0.0,0.3846,25053,
1577,43272,0.8689,1.0,68.75,11,0.0,0.3636,25064,
1578,43280,0.8633,1.0,55.0,11,0.0,0.6364,25068,
1579,43288,0.8077,1.0,66.67,16,0.0,0.5,25072,
1580,43304,0.8875,1.0,52.94,9,0.0,0.3333,25083,
1581,43352,0.8233,1.0,75.0,15,0.0,0.4667,25120,
1582,43352,0.8219,1.0,71.43,15,0.0,0.4667,25120,
1583,43384,0.9017,1.0,57.14,8,0.0,0.375,25141,
1584,43400,0.8361,1.0,77.78,14,0.0,0.5,25154,
1585,43424,0.8561,1.0,66.67,12,0.0,0.3333,25172,
1586,43440,0.7677,1.0,83.33,20,0.0,0.6,25184,
1587,43456,0.8419,1.0,61.9,13,0.0,0.5385,25193,
1588,43472,0.8119,1.0,76.19,16,0.0,0.5625,25202,
1589,43488,0.8675,1.0,64.71,11,0.0,0.5455,25212,
1590,43512,0.8333,1.0,70.0,14,0.0,0.5714,25229,
1591,43536,0.8775,1.0,58.82,10,0.0,0.3,25244,
1592,43536,0.8747,1.0,52.63,10,0.0,0.4,25244,
1593,43568,0.8561,1.0,66.67,12,0.0,0.4167,25262,
1594,43584,0.8661,1.0,61.11,11,0.0,0.3636,25274,
1595,43584,0.8589,1.0,75.0,12,0.0,0.5833,25274,
1596,43608,0.9003,1.0,53.33,8,0.0,0.375,25286,
1597,43624,0.8547,1.0,63.16,12,0.0,0.5833,25296,
1598,43640,0.8889,1.0,56.25,9,0.0,0.2222,25307,
1599,43672,0.8875,1.0,52.94,9,0.0,0.4444,25327,
1600,43688,0.8547,1.0,63.16,12,0.0,0.5,25336,
1601,43720,0.8875,1.0,52.94,9,0.0,0.2222,25349,
1602,43728,0.8533,1.0,60.0,12,0.0,0.4167,25354,
1603,43736,0.8689,1.0,68.75,11,0.0,0.3636,25360,
1604,43736,0.8447,1.0,68.42,13,0.0,0.4615,25360,
1605,43760,0.8775,1.0,58.82,10,0.0,0.5,25380,
1606,43824,0.8347,1.0,73.68,14,0.0,0.5,25419,
1607,43824,0.8575,1.0,70.59,12,0.0,0.4167,25419,
1608,43832,0.8277,1.0,58.33,14,0.0,0.4286,25421,
1609,43848,0.8889,1.0,56.25,9,0.0,0.4444,25430,
1610,43856,0.9003,1.0,53.33,8,0.0,0.25,25435,
1611,43864,0.9131,1.0,53.85,7,0.0,0.4286,25439,
1612,43904,0.8305,1.0,63.64,14,0.0,0.5,25468,
1613,43912,0.8405,1.0,59.09,13,0.0,0.5385,25472,
1614,43944,0.9103,1.0,46.67,7,0.0,0.1429,25491,
1615,43952,0.8789,1.0,62.5,10,0.0,0.4,25495,
1616,43984,0.8875,1.0,52.94,9,0.0,0.4444,25516,
1617,43984,0.8547,1.0,63.16,12,0.0,0.5,25516,
1618,44000,0.8861,1.0,50.0,9,0.0,0.4444,25525,
1619,44024,0.8333,1.0,70.0,14,0.0,0.6429,25544,
1620,44064,0.8803,1.0,66.67,10,0.0,0.6,25571,
1621,44072,0.8219,1.0,71.43,15,0.0,0.6,25576,
1622,44080,0.8119,1.0,76.19,16,0.0,0.625,25580,
1623,44104,0.8903,1.0,60.0,9,0.0,0.4444,25593,
1624,44112,0.8533,1.0,60.0,12,0.0,0.5,25597,
1625,44136,0.8775,1.0,58.82,10,0.0,0.2,25612,
1626,44144,0.8603,1.0,80.0,12,0.0,0.4167,25616,
1627,44184,0.8363,1.0,52.0,13,0.0,0.4615,25645,
1628,44184,0.9117,1.0,50.0,7,0.0,0.2857,25645,
1629,44248,0.8319,1.0,66.67,14,0.0,0.6429,25675,
1630,44248,0.8875,1.0,52.94,9,0.0,0.3333,25675,
1631,44248,0.7991,1.0,73.91,17,0.0,0.5882,25675,
1632,44264,0.8633,1.0,55.0,11,0.0,0.3636,25683,
1633,44272,0.8989,1.0,50.0,8,0.0,0.375,25686,
1634,44280,0.8961,1.0,44.44,8,0.0,0.375,25689,
1635,44328,0.8861,1.0,50.0,9,0.0,0.2222,25726,
1636,44344,0.8433,1.0,65.0,13,0.0,0.5385,25738,
1637,44400,0.8803,1.0,66.67,10,0.0,0.4,25769,
1638,44400,0.8747,1.0,52.63,10,0.0,0.3,25769,
1639,44416,0.8519,1.0,57.14,12,0.0,0.4167,25778,
1640,44424,0.8433,1.0,65.0,13,0.0,0.6154,25781,
1641,44432,0.8091,1.0,69.57,16,0.0,0.5,25785,
1642,44440,0.8319,1.0,66.67,14,0.0,0.4286,25789,
1643,44464,0.8675,1.0,64.71,11,0.0,0.4545,25808,
1644,44496,0.8647,1.0,57.89,11,0.0,0.5455,25834,
1645,44536,0.8575,1.0,70.59,12,0.0,0.4167,25861,
1646,44560,0.8633,1.0,55.0,11,0.0,0.2727,25875,
1647,44560,0.8789,1.0,62.5,10,0.0,0.4,25875,
1648,44584,0.8461,1.0,72.22,13,0.0,0.4615,25891,
1649,44608,0.7991,1.0,73.91,17,0.0,0.4706,25905,
1650,44624,0.7848,1.0,69.23,18,0.0,0.6111,25916,
1651,44632,0.8419,1.0,61.9,13,0.0,0.3846,25919,
1652,44648,0.8447,1.0,68.42,13,0.0,0.5385,25929,
1653,44656,0.8803,1.0,66.67,10,0.0,0.5,25934,
1654,44696,0.8975,1.0,47.06,8,0.0,0.25,25959,
1655,44712,0.8589,1.0,75.0,12,0.0,0.5,25970,
1656,44720,0.8533,1.0,60.0,12,0.0,0.3333,25975,
1657,44752,0.9003,1.0,53.33,8,0.0,0.25,25996,
1658,44768,0.8461,1.0,72.22,13,0.0,0.3846,26006,
1659,44792,0.8191,1.0,65.22,15,0.0,0.5333,26021,
1660,44800,0.8847,1.0,47.37,9,0.0,0.3333,26027,
1661,44808,0.8647,1.0,57.89,11,0.0,0.2727,26031,
1662,44848,0.8447,1.0,68.42,13,0.0,0.3077,26058,
1663,44872,0.8547,1.0,63.16,12,0.0,0.4167,26070,
1664,44872,0.8433,1.0,65.0,13,0.0,0.5385,26070,
1665,44888,0.8575,1.0,70.59,12,0.0,0.4167,26078,
1666,44904,0.9117,1.0,50.0,7,0.0,0.2857,26086,
1667,44912,0.9131,1.0,53.85,7,0.0,0.4286,26090,
1668,44936,0.8219,1.0,71.43,15,0.0,0.4,26109,
1669,44976,0.8205,1.0,68.18,15,0.0,0.5333,26138,
1670,44984,0.8475,1.0,76.47,13,0.0,0.4615,26142,
1671,45008,0.9031,1.0,61.54,8,0.0,0.375,26156,
1672,45024,0.8775,1.0,58.82,10,0.0,0.4,26167,
1673,45032,0.8903,1.0,60.0,9,0.0,0.4444,26172,
1674,45064,0.8277,1.0,58.33,14,0.0,0.5,26195,
1675,45072,0.8575,1.0,70.59,12,0.0,0.5833,26199,
1676,45096,0.782,1.0,64.29,18,0.0,0.5,26213,
1677,45128,0.8661,1.0,61.11,11,0.0,0.3636,26234,
1678,45136,0.8633,1.0,55.0,11,0.0,0.4545,26239,
1679,45160,0.9089,1.0,43.75,7,0.0,0.2857,26256,
1680,45176,0.8447,1.0,68.42,13,0.0,0.4615,26266,
1681,45192,0.8689,1.0,68.75,11,0.0,0.3636,26279,
1682,45216,0.7848,1.0,69.23,18,0.0,0.6111,26292,
1683,45232,0.8133,1.0,80.0,16,0.0,0.5625,26304,
1684,45256,0.8333,1.0,70.0,14,0.0,0.3571,26319,
1685,45280,0.8447,1.0,68.42,13,0.0,0.5385,26334,
1686,45296,0.8433,1.0,65.0,13,0.0,0.5385,26345,
1687,45304,0.8689,1.0,68.75,11,0.0,0.2727,26349,
1688,45320,0.8633,1.0,55.0,11,0.0,0.3636,26359,
1689,45336,0.9031,1.0,61.54,8,0.0,0.25,26370,
1690,45360,0.8319,1.0,66.67,14,0.0,0.5,26386,
1691,45368,0.8447,1.0,68.42,13,0.0,0.5385,26390,
1692,45400,0.8561,1.0,66.67,12,0.0,0.5,26413,
1693,45408,0.8917,1.0,64.29,9,0.0,0.4444,26419,
1694,45432,0.8447,1.0,68.42,13,0.0,0.3846,26435,
1695,45456,0.8675,1.0,64.71,11,0.0,0.4545,26450,
1696,45456,0.8647,1.0,57.89,11,0.0,0.2727,26450,
1697,45496,0.8589,1.0,75.0,12,0.0,0.4167,26479,
1698,45504,0.8561,1.0,66.67,12,0.0,0.6667,26484,
1699,45528,0.8803,1.0,66.67,10,0.0,0.6,26499,
1700,45536,0.8475,1.0,76.47,13,0.0,0.5385,26504,
1701,45536,0.7863,1.0,72.0,18,0.0,0.6111,26504,
1702,45552,0.8803,1.0,66.67,10,0.0,0.4,26515,
1703,45592,0.8575,1.0,70.59,12,0.0,0.3333,26542,
1704,45600,0.8561,1.0,66.67,12,0.0,0.4167,26548,
1705,45608,0.9231,1.0,46.15,6,0.0,0.3333,26553,
1706,45648,0.8717,1.0,78.57,11,0.0,0.2727,26581,
1707,45664,0.8875,1.0,52.94,9,0.0,0.1111,26587,
1708,45680,0.8191,1.0,65.22,15,0.0,0.5333,26598,
1709,45680,0.8461,1.0,72.22,13,0.0,0.4615,26598,
1710,45680,0.8789,1.0,62.5,10,0.0,0.4,26598,
1711,45736,0.8775,1.0,58.82,10,0.0,0.3,26634,
1712,45736,0.8661,1.0,61.11,11,0.0,0.5455,26634,
1713,45752,0.8661,1.0,61.11,11,0.0,0.2727,26642,
1714,45760,0.9473,1.0,40.0,4,0.0,0.0,26647,
1715,45800,0.8475,1.0,76.47,13,0.0,0.3846,26670,
1716,45816,0.8619,1.0,52.38,11,0.0,0.3636,26679,
1717,45816,0.8675,1.0,64.71,11,0.0,0.6364,26679,
1718,45848,0.9017,1.0,57.14,8,0.0,0.375,26695,
1719,45848,0.8519,1.0,57.14,12,0.0,0.5833,26695,
1720,45856,0.9103,1.0,46.67,7,0.0,0.2857,26699,
1721,45880,0.8889,1.0,56.25,9,0.0,0.3333,26718,
1722,45912,0.8247,1.0,78.95,15,0.0,0.4667,26739,
1723,45952,0.8775,1.0,58.82,10,0.0,0.3,26759,
1724,45952,0.8647,1.0,57.89,11,0.0,0.5455,26759,
1725,45968,0.9103,1.0,46.67,7,0.0,0.4286,26766,
1726,45968,0.9103,1.0,46.67,7,0.0,0.1429,26766,
1727,46000,0.8661,1.0,61.11,11,0.0,0.3636,26788,
1728,46016,0.8063,1.0,64.0,16,0.0,0.4375,26797,
1729,46040,0.8689,1.0,68.75,11,0.0,0.5455,26818,
1730,46080,0.7963,1.0,68.0,17,0.0,0.5882,26843,
1731,46096,0.8489,1.0,81.25,13,0.0,0.5385,26853,
1732,46104,0.9331,1.0,38.46,5,0.0,0.2,26856,
1733,46112,0.8433,1.0,65.0,13,0.0,0.3846,26859,
1734,46152,0.8775,1.0,58.82,10,0.0,0.4,26882,
1735,46152,0.8063,1.0,64.0,16,0.0,0.5,26882,
1736,46184,0.7934,1.0,62.96,17,0.0,0.5294,26901,
1737,46192,0.9317,1.0,35.71,5,0.0,0.2,26904,
1738,46232,0.8177,1.0,62.5,15,0.0,0.4667,26930,
1739,46256,0.8847,1.0,47.37,9,0.0,0.1111,26945,
1740,46280,0.8291,1.0,60.87,14,0.0,0.5,26955,
1741,46288,0.8605,1.0,50.0,11,0.0,0.5455,26959,
1742,46304,0.8717,1.0,78.57,11,0.0,0.4545,26969,
1743,46320,0.8319,1.0,66.67,14,0.0,0.5,26977,
1744,46336,0.8391,1.0,56.52,13,0.0,0.3846,26987,
1745,46344,0.8333,1.0,70.0,14,0.0,0.5714,26992,
1746,46360,0.9189,1.0,37.5,6,0.0,0.1667,27002,
1747,46384,0.8989,1.0,50.0,8,0.0,0.25,27021,
1748,46424,0.8561,1.0,66.67,12,0.0,0.5833,27050,
1749,46448,0.8561,1.0,66.67,12,0.0,0.4167,27062,
1750,46464,0.8305,1.0,63.64,14,0.0,0.4286,27067,
1751,46472,0.8647,1.0,57.89,11,0.0,0.3636,27069,
1752,46480,0.8675,1.0,64.71,11,0.0,0.4545,27074,
1753,46488,0.8889,1.0,56.25,9,0.0,0.2222,27080,
1754,46512,0.8989,1.0,50.0,8,0.0,0.125,27095,
1755,46520,0.8191,1.0,65.22,15,0.0,0.5333,27100,
1756,46584,0.8733,1.0,50.0,10,0.0,0.5,27151,
1757,46608,0.8561,1.0,66.67,12,0.0,0.4167,27163,
1758,46608,0.8333,1.0,70.0,14,0.0,0.5714,27163,
1759,46640,0.8219,1.0,71.43,15,0.0,0.4,27182,
1760,46640,0.8803,1.0,66.67,10,0.0,0.4,27182,
1761,46648,0.8219,1.0,71.43,15,0.0,0.6667,27186,
1762,46680,0.8519,1.0,57.14,12,0.0,0.4167,27205,
1763,46712,0.762,1.0,71.43,20,0.0,0.55,27224,
1764,46720,0.9175,1.0,35.29,6,0.0,0.1667,27228,
1765,46728,0.9003,1.0,53.33,8,0.0,0.5,27232,
1766,46768,0.8433,1.0,65.0,13,0.0,0.6923,27255,
1767,46784,0.8761,1.0,55.56,10,0.0,0.5,27264,
1768,46784,0.8761,1.0,55.56,10,0.0,0.3,27264,
1769,46808,0.8533,1.0,60.0,12,0.0,0.5833,27282,
1770,46864,0.8647,1.0,57.89,11,0.0,0.4545,27314,
1771,46872,0.8177,1.0,62.5,15,0.0,0.5333,27318,
1772,46888,0.8419,1.0,61.9,13,0.0,0.5385,27326,
1773,46896,0.8519,1.0,57.14,12,0.0,0.5,27329,
1774,46904,0.8875,1.0,52.94,9,0.0,0.5556,27333,
1775,46928,0.9003,1.0,53.33,8,0.0,0.125,27349,
1776,46936,0.8347,1.0,73.68,14,0.0,0.3571,27354,
1777,46944,0.8533,1.0,60.0,12,0.0,0.5,27359,
1778,46992,0.9103,1.0,46.67,7,0.0,0.1429,27391,
1779,47000,0.9231,1.0,46.15,6,0.0,0.1667,27395,
1780,47016,0.8447,1.0,68.42,13,0.0,0.3077,27405,
1781,47032,0.8789,1.0,62.5,10,0.0,0.5,27415,
1782,47056,0.8889,1.0,56.25,9,0.0,0.4444,27430,
1783,47064,0.8689,1.0,68.75,11,0.0,0.5455,27435,
1784,47064,0.8105,1.0,72.73,16,0.0,0.5625,27435,
1785,47112,0.9103,1.0,46.67,7,0.0,0.2857,27465,
1786,47136,0.9231,1.0,46.15,6,0.0,0.5,27479,
1787,47136,0.8675,1.0,64.71,11,0.0,0.3636,27479,
1788,47136,0.7877,1.0,75.0,18,0.0,0.6111,27479,
1789,47168,0.8547,1.0,63.16,12,0.0,0.4167,27498,
1790,47200,0.8675,1.0,64.71,11,0.0,0.5455,27518,
1791,47208,0.9245,1.0,50.0,6,0.0,0.3333,27522,
1792,47208,0.8547,1.0,63.16,12,0.0,0.4167,27522,
1793,47216,0.8447,1.0,68.42,13,0.0,0.5385,27528,
1794,47280,0.8561,1.0,66.67,12,0.0,0.4167,27575,
1795,47296,0.8533,1.0,60.0,12,0.0,0.6667,27579,
1796,47304,0.8319,1.0,66.67,14,0.0,0.5714,27582,
1797,47312,0.8661,1.0,61.11,11,0.0,0.4545,27587,
1798,47328,0.8903,1.0,60.0,9,0.0,0.2222,27599,
1799,47344,0.8761,1.0,55.56,10,0.0,0.5,27611,
1800,47384,0.8219,1.0,71.43,15,0.0,0.6667,27635,
1801,47392,0.9017,1.0,57.14,8,0.0,0.125,27639,
1802,47424,0.8134,1.0,55.56,15,0.0,0.4667,27659,
1803,47432,0.8789,1.0,62.5,10,0.0,0.5,27665,
1804,47440,0.8561,1.0,66.67,12,0.0,0.5,27670,
1805,47456,0.8561,1.0,66.67,12,0.0,0.5833,27680,
1806,47480,0.9145,1.0,58.33,7,0.0,0.4286,27697,
1807,47488,0.8433,1.0,65.0,13,0.0,0.6154,27702,
1808,47520,0.8205,1.0,68.18,15,0.0,0.4,27722,
1809,47544,0.8903,1.0,60.0,9,0.0,0.4444,27738,
1810,47568,0.8305,1.0,63.64,14,0.0,0.4286,27754,
1811,47568,0.9117,1.0,50.0,7,0.0,0.4286,27754,
1812,47592,0.8547,1.0,63.16,12,0.0,0.5,27770,
1813,47640,0.7948,1.0,65.38,17,0.0,0.5294,27804,
1814,47648,0.8433,1.0,65.0,13,0.0,0.6154,27807,
1815,47680,0.7662,1.0,80.0,20,0.0,0.6,27824,
1816,47688,0.8361,1.0,77.78,14,0.0,0.5714,27826,
1817,47696,0.8205,1.0,68.18,15,0.0,0.5333,27831,
1818,47704,0.8875,1.0,52.94,9,0.0,0.4444,27835,
1819,47720,0.8847,1.0,47.37,9,0.0,0.3333,27844,
1820,47736,0.8561,1.0,66.67,12,0.0,0.4167,27855,
1821,47744,0.8931,1.0,69.23,9,0.0,0.2222,27862,
1822,47768,0.9103,1.0,46.67,7,0.0,0.2857,27879,
1823,47808,0.9017,1.0,57.14,8,0.0,0.25,27897,
1824,47824,0.8775,1.0,58.82,10,0.0,0.3,27904,
1825,47832,0.8789,1.0,62.5,10,0.0,0.5,27906,
1826,47832,0.9017,1.0,57.14,8,0.0,0.5,27906,
1827,47832,0.8747,1.0,52.63,10,0.0,0.4,27906,
1828,47840,0.9031,1.0,61.54,8,0.0,0.375,27908,
1829,47864,0.9103,1.0,46.67,7,0.0,0.1429,27927,
1830,47872,0.9031,1.0,61.54,8,0.0,0.375,27933,
1831,47952,0.8761,1.0,55.56,10,0.0,0.3,27991,
1832,47976,0.8561,1.0,66.67,12,0.0,0.4167,28005,
1833,47984,0.8903,1.0,60.0,9,0.0,0.4444,28007,
1834,48008,0.8505,1.0,54.55,12,0.0,0.5833,28019,
1835,48008,0.8191,1.0,65.22,15,0.0,0.5333,28019,
1836,48008,0.8219,1.0,71.43,15,0.0,0.5333,28019,
1837,48016,0.8291,1.0,60.87,14,0.0,0.5,28022,
1838,48048,0.8305,1.0,63.64,14,0.0,0.5714,28047,
1839,48104,0.8547,1.0,63.16,12,0.0,0.4167,28087,
1840,48128,0.8903,1.0,60.0,9,0.0,0.1111,28094,
1841,48128,0.8447,1.0,68.42,13,0.0,0.5385,28094,
1842,48168,0.9103,1.0,46.67,7,0.0,0.4286,28115,
1843,48184,0.8563,1.0,44.0,11,0.0,0.4545,28122,
1844,48184,0.8105,1.0,72.73,16,0.0,0.625,28122,
1845,48184,0.8419,1.0,61.9,13,0.0,0.3846,28122,
1846,48184,0.8205,1.0,68.18,15,0.0,0.6,28122,
1847,48256,0.8847,1.0,47.37,9,0.0,0.3333,28171,
1848,48256,0.8889,1.0,56.25,9,0.0,0.4444,28171,
1849,48264,0.8775,1.0,58.82,10,0.0,0.4,28172,
1850,48296,0.8689,1.0,68.75,11,0.0,0.4545,28189,
1851,48312,0.8989,1.0,50.0,8,0.0,0.125,28197,
1852,48312,0.8889,1.0,56.25,9,0.0,0.3333,28197,
1853,48320,0.8575,1.0,70.59,12,0.0,0.5,28201,
1854,48368,0.8491,1.0,52.17,12,0.0,0.6667,28235,
1855,48384,0.8889,1.0,56.25,9,0.0,0.3333,28243,
1856,48400,0.8875,1.0,52.94,9,0.0,0.3333,28249,
1857,48416,0.8633,1.0,55.0,11,0.0,0.3636,28256,
1858,48432,0.8675,1.0,64.71,11,0.0,0.3636,28270,
1859,48448,0.8989,1.0,50.0,8,0.0,0.375,28279,
1860,48464,0.8747,1.0,52.63,10,0.0,0.5,28287,
1861,48488,0.7905,1.0,81.82,18,0.0,0.6667,28305,
1862,48496,0.9045,1.0,66.67,8,0.0,0.25,28311,
1863,48504,0.8903,1.0,60.0,9,0.0,0.5556,28316,
1864,48528,0.8333,1.0,70.0,14,0.0,0.4286,28331,
1865,48552,0.8903,1.0,60.0,9,0.0,0.3333,28346,
1866,48576,0.9359,1.0,45.45,5,0.0,0.2,28360,
1867,48592,0.8505,1.0,54.55,12,0.0,0.5,28367,
1868,48600,0.8547,1.0,63.16,12,0.0,0.4167,28371,
1869,48608,0.8761,1.0,55.56,10,0.0,0.4,28376,
1870,48640,0.8875,1.0,52.94,9,0.0,0.4444,28401,
1871,48672,0.8105,1.0,72.73,16,0.0,0.5,28417,
1872,48672,0.8661,1.0,61.11,11,0.0,0.5455,28417,
1873,48696,0.9031,1.0,61.54,8,0.0,0.375,28431,
1874,48704,0.8347,1.0,73.68,14,0.0,0.5,28436,
1875,48712,0.8975,1.0,47.06,8,0.0,0.125,28441,
1876,48744,0.9031,1.0,61.54,8,0.0,0.375,28463,
1877,48768,0.8219,1.0,71.43,15,0.0,0.6667,28479,
1878,48792,0.8491,1.0,52.17,12,0.0,0.3333,28493,
1879,48800,0.8889,1.0,56.25,9,0.0,0.3333,28496,
1880,48816,0.9003,1.0,53.33,8,0.0,0.375,28508,
1881,48848,0.8561,1.0,66.67,12,0.0,0.3333,28530,
1882,48856,0.8291,1.0,60.87,14,0.0,0.5,28536,
1883,48896,0.8647,1.0,57.89,11,0.0,0.4545,28565,
1884,48904,0.7977,1.0,70.83,17,0.0,0.6471,28570,
1885,48944,0.8305,1.0,63.64,14,0.0,0.4286,28591,
1886,48952,0.8547,1.0,63.16,12,0.0,0.4167,28594,
1887,48968,0.8447,1.0,68.42,13,0.0,0.4615,28605,
1888,48976,0.8091,1.0,69.57,16,0.0,0.5,28611,
1889,48984,0.8789,1.0,62.5,10,0.0,0.5,28617,
1890,49056,0.8633,1.0,55.0,11,0.0,0.2727,28662,
1891,49072,0.752,1.0,75.0,21,0.0,0.5714,28670,
1892,49080,0.8675,1.0,64.71,11,0.0,0.2727,28673,
1893,49088,0.8191,1.0,65.22,15,0.0,0.4667,28677,
1894,49088,0.9103,1.0,46.67,7,0.0,0.2857,28677,
1895,49128,0.8661,1.0,61.11,11,0.0,0.3636,28705,
1896,49136,0.8191,1.0,65.22,15,0.0,0.4667,28709,
1897,49144,0.8619,1.0,52.38,11,0.0,0.2727,28714,
